"_0","_1","_2","_3","_4","_5","_6","_7","_8","_9","_10","_11","_12","_13","_14","_15","_16","_17","_18","_19","_20","_21","_22","_23","_24","_25","_26","_27","_28","_29","_30","_31","_32","_33","_34","_35","_36","_37","_38","_39","_40","_41","_42","_43","_44","_45","_46","_47","_48","_49","_50","_51","_52","_53","_54","_55","_56","_57","_58","_59","_60","_61","_62","_63","_64","_65","_66","_67","_68","_69","_70","_71","_72","_73","_74","_75","_76","_77","_78","_79","_80","_81","_82","_83","_84","_85","_86","_87","_88","_89","_90","_91","_92","_93","_94","_95","_96","_97","_98","_99"
"23232.0","6098.0","5981.0","3074.0","3038.0","2929.0","1808.0","1079.0","853.0","601.0","558.0","528.0","464.0","359.0","300.0","300.0","357.0","779.0","122.0","299.0","179.0","179.0","179.0","178.0","176.0","177.0","152.0","66.0","60.0","60.0","60.0","60.0","60.0","60.0","60.0","60.0","60.0","60.0","60.0","60.0","59.0","60.0","60.0","60.0","59.0","60.0","60.0","60.0","60.0","60.0","59.0","60.0","59.0","57.0","59.0","51.0","62.0","61.0","57.0","0.0","0.0","0.0","13.0","9.0","5.0","0.0","6.0","0.0","0.0","0.0","8.0","0.0","0.0","0.0","0.0","0.0","0.0","0.0","0.0","0.0","0.0","0.0","0.0","2.0","2.0","0.0","779.0","0.0","0.0","0.0","0.0","0.0","0.0","0.0","0.0","0.0","0.0","0.0","0.0","0.0"
"22637.0","5823.0","5725.0","2926.0","2887.0","2742.0","1667.0","1074.0","750.0","596.0","541.0","529.0","403.0","360.0","300.0","300.0","360.0","443.0","122.0","300.0","180.0","180.0","180.0","180.0","180.0","178.0","142.0","66.0","60.0","60.0","60.0","60.0","60.0","60.0","60.0","60.0","60.0","59.0","60.0","60.0","60.0","60.0","59.0","59.0","59.0","60.0","59.0","59.0","60.0","60.0","59.0","59.0","60.0","58.0","60.0","49.0","0.0","0.0","60.0","0.0","0.0","0.0","13.0","5.0","7.0","0.0","3.0","0.0","0.0","0.0","6.0","0.0","0.0","0.0","0.0","0.0","0.0","0.0","0.0","0.0","0.0","0.0","0.0","0.0","0.0","0.0","443.0","0.0","0.0","0.0","0.0","0.0","0.0","0.0","0.0","0.0","0.0","0.0","0.0","0.0"
"22619.0","5926.0","5764.0","2580.0","2553.0","2809.0","1521.0","1080.0","708.0","597.0","493.0","480.0","402.0","360.0","300.0","300.0","360.0","717.0","122.0","300.0","179.0","180.0","179.0","180.0","180.0","180.0","134.0","66.0","60.0","60.0","60.0","59.0","60.0","60.0","60.0","60.0","60.0","60.0","60.0","60.0","60.0","60.0","60.0","60.0","60.0","60.0","60.0","60.0","59.0","59.0","60.0","59.0","58.0","59.0","59.0","51.0","62.0","61.0","60.0","0.0","0.0","0.0","12.0","11.0","6.0","0.0","4.0","0.0","0.0","0.0","7.0","0.0","0.0","0.0","0.0","0.0","0.0","0.0","0.0","0.0","0.0","0.0","0.0","4.0","4.0","0.0","717.0","0.0","0.0","0.0","0.0","0.0","0.0","0.0","0.0","0.0","0.0","0.0","0.0","0.0"
"22567.0","5978.0","5779.0","2609.0","2576.0","2823.0","1551.0","1080.0","704.0","596.0","505.0","490.0","422.0","360.0","300.0","300.0","360.0","735.0","122.0","295.0","180.0","180.0","180.0","179.0","179.0","177.0","127.0","66.0","60.0","60.0","60.0","60.0","60.0","60.0","60.0","60.0","60.0","60.0","59.0","60.0","60.0","60.0","60.0","60.0","60.0","60.0","59.0","60.0","60.0","60.0","60.0","56.0","58.0","59.0","58.0","54.0","62.0","61.0","59.0","0.0","0.0","0.0","12.0","12.0","10.0","0.0","4.0","0.0","0.0","0.0","9.0","0.0","0.0","0.0","0.0","0.0","0.0","0.0","0.0","0.0","0.0","0.0","0.0","2.0","2.0","0.0","735.0","0.0","0.0","0.0","0.0","0.0","0.0","0.0","0.0","0.0","0.0","0.0","0.0","0.0"
"22786.0","5948.0","5741.0","2932.0","2893.0","2806.0","1751.0","1080.0","795.0","596.0","561.0","565.0","470.0","360.0","298.0","300.0","360.0","785.0","122.0","300.0","180.0","180.0","180.0","180.0","180.0","180.0","137.0","66.0","60.0","60.0","60.0","60.0","60.0","60.0","60.0","60.0","60.0","60.0","59.0","60.0","60.0","60.0","60.0","60.0","60.0","60.0","60.0","60.0","60.0","60.0","54.0","59.0","59.0","59.0","58.0","57.0","62.0","61.0","58.0","0.0","0.0","0.0","15.0","26.0","23.0","0.0","6.0","0.0","0.0","0.0","7.0","0.0","0.0","0.0","0.0","0.0","0.0","0.0","0.0","0.0","0.0","0.0","0.0","4.0","4.0","0.0","785.0","0.0","0.0","0.0","0.0","0.0","0.0","0.0","0.0","0.0","0.0","0.0","0.0","0.0"
"22146.0","5884.0","5669.0","2750.0","2719.0","2740.0","1614.0","1069.0","708.0","593.0","537.0","511.0","439.0","360.0","296.0","300.0","360.0","630.0","122.0","298.0","177.0","179.0","179.0","179.0","179.0","177.0","136.0","66.0","60.0","60.0","60.0","60.0","60.0","60.0","60.0","60.0","60.0","60.0","59.0","60.0","60.0","60.0","58.0","58.0","58.0","60.0","58.0","58.0","60.0","60.0","59.0","59.0","57.0","60.0","60.0","52.0","0.0","0.0","58.0","0.0","0.0","0.0","19.0","10.0","5.0","0.0","7.0","0.0","0.0","0.0","7.0","0.0","0.0","0.0","0.0","0.0","0.0","0.0","0.0","0.0","0.0","0.0","0.0","4.0","4.0","0.0","630.0","0.0","0.0","0.0","0.0","0.0","0.0","0.0","0.0","0.0","0.0","0.0","0.0","0.0"
"22753.0","5947.0","5766.0","2822.0","2780.0","2805.0","1648.0","1079.0","773.0","596.0","539.0","513.0","449.0","360.0","300.0","300.0","360.0","764.0","122.0","300.0","180.0","179.0","180.0","178.0","179.0","177.0","155.0","66.0","60.0","60.0","60.0","60.0","60.0","60.0","60.0","60.0","60.0","60.0","60.0","60.0","60.0","60.0","60.0","60.0","60.0","60.0","60.0","60.0","59.0","59.0","60.0","59.0","60.0","59.0","56.0","51.0","62.0","61.0","58.0","0.0","0.0","0.0","13.0","9.0","9.0","0.0","6.0","0.0","0.0","0.0","7.0","0.0","0.0","0.0","0.0","0.0","0.0","0.0","0.0","0.0","0.0","0.0","0.0","6.0","4.0","0.0","764.0","0.0","0.0","0.0","0.0","0.0","0.0","0.0","0.0","0.0","0.0","0.0","0.0","0.0"
"22608.0","5873.0","5736.0","2801.0","2767.0","2772.0","1594.0","1080.0","740.0","596.0","502.0","473.0","406.0","359.0","300.0","300.0","360.0","721.0","122.0","300.0","178.0","179.0","178.0","179.0","179.0","179.0","140.0","66.0","60.0","60.0","60.0","60.0","59.0","60.0","60.0","60.0","60.0","60.0","59.0","60.0","60.0","60.0","60.0","60.0","59.0","60.0","60.0","60.0","59.0","59.0","58.0","60.0","60.0","60.0","57.0","58.0","62.0","61.0","60.0","0.0","0.0","0.0","10.0","7.0","5.0","0.0","10.0","0.0","0.0","0.0","7.0","0.0","0.0","0.0","0.0","0.0","0.0","0.0","0.0","0.0","0.0","0.0","0.0","0.0","0.0","0.0","721.0","0.0","0.0","0.0","0.0","0.0","0.0","0.0","0.0","0.0","0.0","0.0","0.0","0.0"
"22797.0","5927.0","5777.0","2955.0","2911.0","2811.0","1669.0","1080.0","744.0","596.0","503.0","502.0","430.0","360.0","299.0","298.0","359.0","430.0","122.0","300.0","180.0","180.0","178.0","179.0","179.0","178.0","150.0","66.0","60.0","60.0","60.0","60.0","60.0","60.0","60.0","60.0","60.0","60.0","60.0","60.0","60.0","59.0","60.0","60.0","59.0","60.0","60.0","60.0","60.0","60.0","59.0","59.0","58.0","60.0","57.0","51.0","0.0","0.0","60.0","0.0","0.0","0.0","14.0","23.0","9.0","0.0","7.0","0.0","0.0","0.0","6.0","0.0","0.0","0.0","0.0","0.0","0.0","0.0","0.0","0.0","0.0","0.0","0.0","4.0","3.0","0.0","430.0","0.0","0.0","0.0","0.0","0.0","0.0","0.0","0.0","0.0","0.0","0.0","0.0","0.0"
"23011.0","5997.0","5944.0","2973.0","2938.0","2855.0","1708.0","1079.0","746.0","608.0","545.0","544.0","418.0","360.0","299.0","299.0","360.0","733.0","122.0","300.0","180.0","179.0","179.0","179.0","178.0","180.0","150.0","66.0","60.0","60.0","60.0","60.0","60.0","60.0","60.0","60.0","60.0","60.0","60.0","60.0","60.0","59.0","60.0","60.0","60.0","60.0","60.0","60.0","59.0","59.0","60.0","60.0","59.0","59.0","56.0","51.0","62.0","61.0","60.0","0.0","0.0","0.0","15.0","10.0","13.0","0.0","7.0","0.0","0.0","0.0","6.0","0.0","0.0","0.0","0.0","0.0","0.0","0.0","0.0","0.0","0.0","0.0","0.0","0.0","0.0","0.0","733.0","0.0","0.0","0.0","0.0","0.0","0.0","0.0","0.0","0.0","0.0","0.0","0.0","0.0"
"23003.0","5933.0","5887.0","3090.0","3057.0","2833.0","1812.0","1080.0","802.0","591.0","592.0","566.0","485.0","360.0","300.0","300.0","360.0","800.0","122.0","300.0","180.0","176.0","179.0","176.0","177.0","179.0","162.0","65.0","60.0","60.0","60.0","60.0","60.0","60.0","60.0","60.0","60.0","60.0","60.0","60.0","60.0","60.0","60.0","60.0","60.0","58.0","60.0","60.0","59.0","59.0","60.0","57.0","55.0","60.0","59.0","50.0","62.0","61.0","60.0","0.0","0.0","0.0","20.0","10.0","16.0","0.0","7.0","0.0","0.0","0.0","8.0","0.0","0.0","0.0","0.0","0.0","0.0","0.0","0.0","0.0","0.0","0.0","0.0","4.0","3.0","0.0","800.0","0.0","0.0","0.0","0.0","0.0","0.0","0.0","0.0","0.0","0.0","0.0","0.0","0.0"
"22782.0","5954.0","5845.0","3118.0","3087.0","2826.0","1712.0","1080.0","781.0","594.0","539.0","501.0","465.0","360.0","300.0","300.0","360.0","465.0","122.0","300.0","178.0","178.0","178.0","179.0","179.0","180.0","146.0","66.0","60.0","60.0","60.0","60.0","60.0","60.0","60.0","60.0","60.0","60.0","60.0","59.0","60.0","60.0","60.0","60.0","60.0","60.0","60.0","60.0","59.0","58.0","58.0","60.0","60.0","59.0","58.0","54.0","0.0","0.0","59.0","0.0","0.0","0.0","18.0","22.0","11.0","0.0","4.0","0.0","0.0","0.0","8.0","0.0","0.0","0.0","0.0","0.0","0.0","0.0","0.0","0.0","0.0","0.0","0.0","0.0","1.0","0.0","465.0","0.0","0.0","0.0","0.0","0.0","0.0","0.0","0.0","0.0","0.0","0.0","0.0","0.0"
"22660.0","5905.0","5716.0","2880.0","2851.0","2790.0","1657.0","1079.0","759.0","598.0","512.0","495.0","425.0","359.0","300.0","300.0","360.0","641.0","121.0","295.0","178.0","178.0","178.0","179.0","179.0","179.0","147.0","66.0","60.0","60.0","60.0","60.0","60.0","60.0","60.0","60.0","60.0","60.0","60.0","60.0","60.0","60.0","60.0","60.0","60.0","60.0","60.0","60.0","59.0","59.0","60.0","60.0","59.0","59.0","57.0","57.0","0.0","0.0","60.0","0.0","0.0","0.0","22.0","17.0","9.0","0.0","6.0","0.0","0.0","0.0","5.0","0.0","0.0","0.0","0.0","0.0","0.0","0.0","0.0","0.0","0.0","0.0","0.0","4.0","4.0","0.0","641.0","0.0","0.0","0.0","0.0","0.0","0.0","0.0","0.0","0.0","0.0","0.0","0.0","0.0"
"22103.0","5829.0","5573.0","2830.0","2800.0","2661.0","1601.0","1075.0","736.0","597.0","506.0","476.0","437.0","359.0","298.0","300.0","359.0","750.0","122.0","299.0","177.0","180.0","178.0","180.0","180.0","178.0","151.0","66.0","60.0","60.0","60.0","60.0","60.0","60.0","60.0","60.0","60.0","60.0","60.0","60.0","60.0","60.0","59.0","59.0","59.0","60.0","59.0","59.0","59.0","59.0","60.0","60.0","60.0","60.0","59.0","52.0","0.0","0.0","61.0","0.0","0.0","0.0","6.0","15.0","6.0","0.0","2.0","0.0","0.0","0.0","6.0","0.0","0.0","0.0","0.0","0.0","0.0","0.0","0.0","0.0","0.0","0.0","0.0","2.0","2.0","0.0","750.0","0.0","0.0","0.0","0.0","0.0","0.0","0.0","0.0","0.0","0.0","0.0","0.0","0.0"
"23127.0","5953.0","5861.0","3068.0","3025.0","2840.0","1739.0","1080.0","778.0","601.0","555.0","543.0","446.0","359.0","297.0","300.0","359.0","761.0","122.0","299.0","179.0","178.0","175.0","177.0","177.0","178.0","137.0","66.0","60.0","60.0","60.0","60.0","60.0","60.0","60.0","60.0","60.0","60.0","60.0","60.0","60.0","60.0","60.0","60.0","60.0","60.0","60.0","60.0","59.0","59.0","60.0","59.0","59.0","58.0","59.0","52.0","51.0","50.0","56.0","0.0","0.0","0.0","11.0","17.0","20.0","0.0","5.0","0.0","0.0","0.0","4.0","0.0","0.0","0.0","0.0","0.0","0.0","0.0","0.0","0.0","0.0","0.0","0.0","4.0","4.0","0.0","761.0","0.0","0.0","0.0","0.0","0.0","0.0","0.0","0.0","0.0","0.0","0.0","0.0","0.0"
"23606.0","6040.0","6090.0","3267.0","3231.0","2955.0","1919.0","1068.0","866.0","600.0","619.0","591.0","504.0","360.0","300.0","300.0","360.0","817.0","122.0","300.0","179.0","178.0","178.0","178.0","175.0","179.0","147.0","66.0","60.0","60.0","59.0","59.0","59.0","59.0","59.0","59.0","59.0","59.0","60.0","59.0","59.0","59.0","60.0","60.0","59.0","59.0","60.0","60.0","60.0","60.0","60.0","60.0","59.0","59.0","58.0","57.0","0.0","0.0","59.0","0.0","0.0","0.0","19.0","15.0","15.0","0.0","6.0","0.0","0.0","0.0","6.0","0.0","0.0","0.0","0.0","0.0","0.0","0.0","0.0","0.0","0.0","0.0","0.0","2.0","2.0","0.0","817.0","0.0","0.0","0.0","0.0","0.0","0.0","0.0","0.0","0.0","0.0","0.0","0.0","0.0"
"22824.0","5824.0","5811.0","3062.0","3030.0","2779.0","1749.0","1080.0","793.0","579.0","563.0","536.0","471.0","360.0","300.0","300.0","360.0","796.0","121.0","300.0","176.0","180.0","178.0","180.0","180.0","174.0","149.0","64.0","60.0","60.0","60.0","60.0","60.0","60.0","60.0","60.0","60.0","60.0","60.0","60.0","60.0","60.0","60.0","60.0","60.0","60.0","60.0","60.0","60.0","60.0","57.0","60.0","60.0","58.0","58.0","55.0","62.0","61.0","57.0","647.0","646.0","0.0","21.0","11.0","16.0","0.0","6.0","0.0","0.0","0.0","9.0","0.0","46.0","47.0","0.0","0.0","0.0","0.0","0.0","0.0","0.0","0.0","0.0","4.0","3.0","0.0","796.0","0.0","0.0","0.0","0.0","0.0","0.0","0.0","0.0","0.0","0.0","0.0","0.0","0.0"
"23061.0","6001.0","5867.0","3036.0","3001.0","2848.0","1813.0","1079.0","842.0","593.0","579.0","561.0","477.0","359.0","300.0","300.0","358.0","792.0","122.0","299.0","180.0","179.0","175.0","178.0","178.0","180.0","156.0","66.0","60.0","60.0","60.0","60.0","60.0","60.0","60.0","60.0","60.0","60.0","60.0","60.0","60.0","60.0","60.0","60.0","60.0","60.0","60.0","60.0","60.0","60.0","60.0","59.0","60.0","57.0","60.0","55.0","62.0","61.0","57.0","0.0","0.0","0.0","18.0","7.0","11.0","0.0","9.0","0.0","0.0","0.0","5.0","0.0","0.0","0.0","0.0","0.0","0.0","0.0","0.0","0.0","0.0","0.0","0.0","4.0","3.0","0.0","792.0","0.0","0.0","0.0","0.0","0.0","0.0","0.0","0.0","0.0","0.0","0.0","0.0","0.0"
"22852.0","5919.0","5790.0","2852.0","2807.0","2785.0","1667.0","1078.0","773.0","595.0","520.0","505.0","425.0","360.0","300.0","299.0","360.0","740.0","122.0","300.0","180.0","180.0","179.0","180.0","180.0","178.0","140.0","66.0","60.0","60.0","60.0","60.0","60.0","60.0","60.0","60.0","60.0","60.0","60.0","60.0","58.0","59.0","60.0","60.0","60.0","60.0","60.0","60.0","60.0","60.0","60.0","59.0","58.0","58.0","59.0","52.0","62.0","61.0","60.0","0.0","0.0","0.0","14.0","10.0","10.0","0.0","4.0","0.0","0.0","0.0","7.0","0.0","0.0","0.0","0.0","0.0","0.0","0.0","0.0","0.0","0.0","0.0","0.0","4.0","3.0","0.0","740.0","0.0","0.0","0.0","0.0","0.0","0.0","0.0","0.0","0.0","0.0","0.0","0.0","0.0"
"22928.0","5986.0","5821.0","2957.0","2920.0","2839.0","1732.0","1080.0","809.0","603.0","518.0","516.0","479.0","358.0","300.0","300.0","360.0","479.0","122.0","299.0","179.0","178.0","178.0","176.0","177.0","179.0","163.0","66.0","60.0","60.0","60.0","60.0","60.0","60.0","60.0","60.0","60.0","59.0","60.0","60.0","60.0","60.0","60.0","60.0","60.0","60.0","60.0","60.0","58.0","58.0","59.0","59.0","60.0","58.0","60.0","48.0","0.0","0.0","61.0","0.0","0.0","0.0","20.0","20.0","25.0","0.0","7.0","0.0","0.0","0.0","8.0","0.0","0.0","0.0","0.0","0.0","0.0","0.0","0.0","0.0","0.0","0.0","0.0","0.0","0.0","0.0","479.0","0.0","0.0","0.0","0.0","0.0","0.0","0.0","0.0","0.0","0.0","0.0","0.0","0.0"
"22820.0","5973.0","5882.0","2840.0","2801.0","2828.0","1645.0","1080.0","736.0","595.0","543.0","518.0","427.0","360.0","295.0","300.0","360.0","742.0","122.0","299.0","180.0","179.0","178.0","179.0","178.0","179.0","144.0","66.0","60.0","60.0","60.0","60.0","60.0","60.0","60.0","60.0","60.0","60.0","59.0","60.0","60.0","60.0","59.0","60.0","60.0","59.0","60.0","59.0","60.0","60.0","60.0","59.0","60.0","56.0","58.0","56.0","62.0","61.0","58.0","0.0","0.0","0.0","12.0","11.0","6.0","0.0","8.0","0.0","0.0","0.0","6.0","0.0","0.0","0.0","0.0","0.0","0.0","0.0","0.0","0.0","0.0","0.0","0.0","4.0","4.0","0.0","742.0","0.0","0.0","0.0","0.0","0.0","0.0","0.0","0.0","0.0","0.0","0.0","0.0","0.0"
"23510.0","6079.0","5986.0","3284.0","3234.0","2929.0","1887.0","1074.0","860.0","593.0","591.0","555.0","488.0","360.0","299.0","300.0","360.0","803.0","122.0","295.0","180.0","179.0","178.0","176.0","178.0","176.0","161.0","66.0","60.0","60.0","60.0","60.0","60.0","60.0","60.0","60.0","60.0","60.0","60.0","60.0","60.0","60.0","59.0","59.0","59.0","60.0","59.0","59.0","59.0","59.0","58.0","60.0","60.0","57.0","58.0","52.0","28.0","28.0","60.0","0.0","0.0","0.0","19.0","13.0","12.0","0.0","6.0","0.0","0.0","0.0","7.0","0.0","0.0","0.0","0.0","0.0","0.0","0.0","0.0","0.0","0.0","0.0","0.0","7.0","3.0","0.0","803.0","0.0","0.0","0.0","0.0","0.0","0.0","0.0","0.0","0.0","0.0","0.0","0.0","0.0"
"23010.0","5877.0","5841.0","3273.0","3235.0","2833.0","1861.0","1078.0","835.0","595.0","597.0","567.0","493.0","359.0","300.0","298.0","359.0","806.0","122.0","298.0","176.0","180.0","177.0","177.0","179.0","177.0","151.0","66.0","60.0","60.0","60.0","60.0","60.0","60.0","60.0","60.0","60.0","60.0","60.0","60.0","59.0","59.0","60.0","60.0","60.0","59.0","60.0","60.0","60.0","60.0","59.0","59.0","59.0","55.0","59.0","50.0","1.0","0.0","59.0","0.0","0.0","0.0","19.0","14.0","8.0","0.0","5.0","0.0","0.0","0.0","8.0","0.0","0.0","0.0","0.0","0.0","0.0","0.0","0.0","0.0","0.0","0.0","0.0","4.0","2.0","0.0","806.0","0.0","0.0","0.0","0.0","0.0","0.0","0.0","0.0","0.0","0.0","0.0","0.0","0.0"
"23146.0","6015.0","5969.0","2948.0","2914.0","2884.0","1631.0","1078.0","756.0","592.0","510.0","495.0","438.0","360.0","300.0","300.0","359.0","452.0","122.0","298.0","180.0","179.0","179.0","178.0","178.0","178.0","142.0","66.0","60.0","60.0","60.0","60.0","59.0","60.0","60.0","60.0","60.0","60.0","60.0","59.0","60.0","60.0","60.0","60.0","60.0","60.0","60.0","60.0","59.0","59.0","60.0","59.0","59.0","58.0","58.0","54.0","0.0","0.0","60.0","0.0","0.0","0.0","12.0","17.0","16.0","0.0","5.0","0.0","0.0","0.0","5.0","0.0","0.0","0.0","0.0","0.0","0.0","0.0","0.0","0.0","0.0","0.0","0.0","3.0","4.0","0.0","452.0","0.0","0.0","0.0","0.0","0.0","0.0","0.0","0.0","0.0","0.0","0.0","0.0","0.0"
"23132.0","6029.0","5955.0","3266.0","3223.0","2912.0","1924.0","1078.0","879.0","594.0","596.0","577.0","521.0","359.0","300.0","300.0","360.0","836.0","122.0","300.0","179.0","175.0","179.0","177.0","177.0","176.0","164.0","66.0","60.0","60.0","60.0","60.0","60.0","60.0","60.0","60.0","60.0","60.0","60.0","60.0","60.0","60.0","60.0","60.0","60.0","60.0","60.0","60.0","58.0","58.0","59.0","59.0","60.0","59.0","56.0","54.0","62.0","61.0","58.0","0.0","0.0","0.0","21.0","12.0","13.0","0.0","8.0","0.0","0.0","0.0","5.0","0.0","0.0","0.0","0.0","0.0","0.0","0.0","0.0","0.0","0.0","0.0","0.0","4.0","2.0","0.0","836.0","0.0","0.0","0.0","0.0","0.0","0.0","0.0","0.0","0.0","0.0","0.0","0.0","0.0"
"23242.0","5957.0","5957.0","3059.0","3030.0","2879.0","1819.0","1078.0","823.0","594.0","575.0","556.0","506.0","359.0","300.0","300.0","359.0","819.0","121.0","298.0","178.0","177.0","178.0","177.0","177.0","179.0","149.0","66.0","60.0","60.0","60.0","60.0","60.0","60.0","60.0","60.0","60.0","60.0","60.0","59.0","60.0","60.0","60.0","60.0","60.0","59.0","60.0","60.0","57.0","57.0","59.0","59.0","57.0","56.0","57.0","52.0","0.0","0.0","60.0","0.0","0.0","0.0","19.0","14.0","19.0","0.0","6.0","0.0","0.0","0.0","10.0","0.0","0.0","0.0","0.0","0.0","0.0","0.0","0.0","0.0","0.0","0.0","0.0","2.0","2.0","0.0","819.0","0.0","0.0","0.0","0.0","0.0","0.0","0.0","0.0","0.0","0.0","0.0","0.0","0.0"
"22836.0","5911.0","5870.0","3076.0","3039.0","2810.0","1775.0","1080.0","804.0","593.0","565.0","540.0","479.0","359.0","300.0","299.0","358.0","492.0","122.0","299.0","180.0","179.0","180.0","177.0","179.0","179.0","156.0","66.0","60.0","60.0","60.0","60.0","60.0","60.0","60.0","60.0","60.0","60.0","59.0","60.0","59.0","60.0","60.0","60.0","60.0","60.0","59.0","60.0","60.0","60.0","60.0","59.0","59.0","55.0","59.0","53.0","0.0","0.0","59.0","0.0","0.0","0.0","17.0","19.0","24.0","0.0","6.0","0.0","0.0","0.0","7.0","0.0","0.0","0.0","0.0","0.0","0.0","0.0","0.0","0.0","0.0","0.0","0.0","4.0","3.0","0.0","492.0","0.0","0.0","0.0","0.0","0.0","0.0","0.0","0.0","0.0","0.0","0.0","0.0","0.0"
"23293.0","5957.0","5897.0","3378.0","3332.0","2883.0","1953.0","1080.0","913.0","593.0","618.0","588.0","515.0","360.0","300.0","300.0","360.0","797.0","122.0","299.0","180.0","180.0","180.0","178.0","177.0","178.0","159.0","66.0","60.0","60.0","60.0","60.0","60.0","60.0","60.0","60.0","60.0","60.0","60.0","60.0","60.0","60.0","60.0","60.0","60.0","60.0","60.0","60.0","60.0","60.0","58.0","60.0","60.0","60.0","58.0","51.0","62.0","61.0","61.0","0.0","0.0","0.0","20.0","17.0","16.0","0.0","8.0","0.0","0.0","0.0","9.0","0.0","0.0","0.0","0.0","0.0","0.0","0.0","0.0","0.0","0.0","0.0","0.0","2.0","2.0","0.0","797.0","0.0","0.0","0.0","0.0","0.0","0.0","0.0","0.0","0.0","0.0","0.0","0.0","0.0"
"22670.0","5852.0","5714.0","2945.0","2894.0","2724.0","1740.0","1075.0","792.0","593.0","575.0","544.0","440.0","358.0","293.0","300.0","358.0","755.0","122.0","298.0","174.0","176.0","174.0","176.0","175.0","174.0","166.0","66.0","59.0","60.0","60.0","60.0","60.0","60.0","60.0","60.0","60.0","60.0","60.0","60.0","60.0","60.0","59.0","59.0","59.0","59.0","59.0","58.0","59.0","59.0","59.0","60.0","60.0","59.0","58.0","53.0","62.0","61.0","58.0","0.0","0.0","0.0","19.0","24.0","18.0","0.0","6.0","0.0","0.0","0.0","4.0","0.0","0.0","0.0","0.0","0.0","0.0","0.0","0.0","0.0","0.0","0.0","0.0","0.0","0.0","0.0","755.0","0.0","0.0","0.0","0.0","0.0","0.0","0.0","0.0","0.0","0.0","0.0","0.0","0.0"
"22515.0","5816.0","5709.0","2711.0","2669.0","2744.0","1623.0","1074.0","738.0","596.0","526.0","500.0","410.0","356.0","300.0","300.0","357.0","725.0","122.0","298.0","178.0","179.0","179.0","179.0","179.0","178.0","134.0","66.0","60.0","60.0","60.0","60.0","60.0","60.0","60.0","60.0","60.0","59.0","60.0","60.0","59.0","60.0","59.0","59.0","59.0","60.0","59.0","59.0","58.0","58.0","59.0","60.0","59.0","60.0","60.0","51.0","62.0","61.0","59.0","0.0","0.0","0.0","14.0","17.0","15.0","0.0","8.0","0.0","0.0","0.0","6.0","0.0","0.0","0.0","0.0","0.0","0.0","0.0","0.0","0.0","0.0","0.0","0.0","4.0","1.0","0.0","725.0","0.0","0.0","0.0","0.0","0.0","0.0","0.0","0.0","0.0","0.0","0.0","0.0","0.0"
"23037.0","5996.0","5900.0","2872.0","2837.0","2867.0","1762.0","1074.0","816.0","601.0","555.0","529.0","482.0","360.0","299.0","299.0","360.0","795.0","122.0","295.0","180.0","180.0","178.0","178.0","180.0","178.0","148.0","66.0","60.0","60.0","60.0","59.0","60.0","60.0","60.0","60.0","60.0","60.0","59.0","60.0","60.0","60.0","59.0","59.0","59.0","60.0","59.0","58.0","60.0","60.0","58.0","58.0","58.0","60.0","60.0","51.0","0.0","0.0","59.0","0.0","0.0","0.0","18.0","13.0","18.0","0.0","7.0","0.0","0.0","0.0","8.0","0.0","0.0","0.0","0.0","0.0","0.0","0.0","0.0","0.0","0.0","0.0","0.0","4.0","3.0","0.0","795.0","0.0","0.0","0.0","0.0","0.0","0.0","0.0","0.0","0.0","0.0","0.0","0.0","0.0"
"23177.0","5929.0","5842.0","2976.0","2931.0","2835.0","1766.0","1074.0","786.0","594.0","547.0","544.0","504.0","360.0","300.0","300.0","360.0","504.0","122.0","299.0","178.0","177.0","178.0","179.0","174.0","175.0","150.0","66.0","60.0","60.0","60.0","59.0","60.0","60.0","60.0","59.0","60.0","60.0","60.0","60.0","60.0","60.0","59.0","59.0","59.0","60.0","59.0","59.0","60.0","60.0","60.0","59.0","59.0","60.0","60.0","54.0","0.0","0.0","60.0","0.0","0.0","0.0","19.0","40.0","51.0","0.0","7.0","0.0","0.0","0.0","7.0","0.0","0.0","0.0","0.0","0.0","0.0","0.0","0.0","0.0","0.0","0.0","0.0","0.0","1.0","0.0","504.0","0.0","0.0","0.0","0.0","0.0","0.0","0.0","0.0","0.0","0.0","0.0","0.0","0.0"
"23881.0","6048.0","6077.0","3252.0","3200.0","3002.0","1936.0","1080.0","873.0","593.0","602.0","608.0","532.0","359.0","295.0","300.0","359.0","847.0","122.0","300.0","177.0","176.0","178.0","179.0","178.0","180.0","167.0","66.0","60.0","60.0","59.0","60.0","60.0","60.0","60.0","60.0","60.0","60.0","60.0","60.0","60.0","60.0","60.0","59.0","60.0","60.0","60.0","60.0","59.0","59.0","59.0","60.0","57.0","58.0","59.0","52.0","62.0","61.0","59.0","0.0","0.0","0.0","19.0","37.0","36.0","0.0","10.0","0.0","0.0","0.0","6.0","0.0","0.0","0.0","0.0","0.0","0.0","0.0","0.0","0.0","0.0","0.0","0.0","4.0","3.0","0.0","847.0","0.0","0.0","0.0","0.0","0.0","0.0","0.0","0.0","0.0","0.0","0.0","0.0","0.0"
"24272.0","6203.0","6135.0","3318.0","3267.0","3048.0","2003.0","1079.0","918.0","604.0","624.0","591.0","539.0","359.0","300.0","300.0","358.0","854.0","121.0","299.0","180.0","179.0","178.0","177.0","177.0","178.0","160.0","66.0","60.0","60.0","60.0","60.0","60.0","60.0","60.0","60.0","60.0","59.0","60.0","60.0","60.0","60.0","60.0","60.0","59.0","60.0","60.0","58.0","59.0","59.0","57.0","59.0","60.0","59.0","57.0","52.0","62.0","61.0","59.0","0.0","0.0","0.0","19.0","36.0","33.0","0.0","10.0","0.0","0.0","0.0","9.0","0.0","0.0","0.0","0.0","0.0","0.0","0.0","0.0","0.0","0.0","0.0","0.0","2.0","1.0","0.0","854.0","0.0","0.0","0.0","0.0","0.0","0.0","0.0","0.0","0.0","0.0","0.0","0.0","0.0"
"24325.0","6232.0","6231.0","3424.0","3375.0","3105.0","2019.0","1073.0","930.0","592.0","619.0","602.0","570.0","359.0","300.0","300.0","359.0","844.0","120.0","299.0","179.0","177.0","177.0","177.0","177.0","176.0","160.0","66.0","59.0","60.0","60.0","60.0","60.0","60.0","60.0","60.0","60.0","59.0","59.0","60.0","60.0","58.0","59.0","59.0","59.0","59.0","58.0","58.0","60.0","59.0","59.0","60.0","56.0","57.0","58.0","54.0","0.0","0.0","58.0","0.0","0.0","0.0","21.0","31.0","27.0","0.0","6.0","0.0","0.0","0.0","9.0","0.0","0.0","0.0","0.0","0.0","0.0","0.0","0.0","0.0","0.0","0.0","0.0","2.0","1.0","0.0","844.0","0.0","0.0","0.0","0.0","0.0","0.0","0.0","0.0","0.0","0.0","0.0","0.0","0.0"
"22859.0","5965.0","5821.0","2932.0","2893.0","2812.0","1704.0","1075.0","795.0","599.0","563.0","507.0","430.0","360.0","300.0","300.0","360.0","745.0","122.0","300.0","179.0","180.0","178.0","177.0","179.0","180.0","147.0","66.0","60.0","60.0","60.0","60.0","60.0","60.0","60.0","60.0","60.0","59.0","60.0","60.0","60.0","60.0","59.0","59.0","59.0","60.0","59.0","59.0","59.0","59.0","59.0","60.0","59.0","59.0","56.0","50.0","62.0","61.0","59.0","0.0","0.0","0.0","15.0","13.0","12.0","0.0","5.0","0.0","0.0","0.0","5.0","0.0","0.0","0.0","0.0","0.0","0.0","0.0","0.0","0.0","0.0","0.0","0.0","4.0","2.0","0.0","745.0","0.0","0.0","0.0","0.0","0.0","0.0","0.0","0.0","0.0","0.0","0.0","0.0","0.0"
"23057.0","5994.0","5883.0","3211.0","3158.0","2835.0","1882.0","1080.0","850.0","595.0","608.0","594.0","466.0","360.0","300.0","300.0","360.0","571.0","122.0","300.0","179.0","177.0","179.0","178.0","179.0","177.0","153.0","66.0","60.0","60.0","60.0","60.0","60.0","60.0","60.0","60.0","60.0","60.0","59.0","59.0","60.0","60.0","60.0","60.0","60.0","59.0","60.0","60.0","60.0","60.0","60.0","59.0","58.0","59.0","59.0","55.0","0.0","0.0","59.0","0.0","0.0","0.0","24.0","19.0","26.0","0.0","7.0","0.0","0.0","0.0","8.0","0.0","0.0","0.0","0.0","0.0","0.0","0.0","0.0","0.0","0.0","0.0","0.0","0.0","0.0","0.0","571.0","0.0","0.0","0.0","0.0","0.0","0.0","0.0","0.0","0.0","0.0","0.0","0.0","0.0"
"22517.0","5888.0","5707.0","3110.0","3071.0","2771.0","1737.0","1078.0","783.0","592.0","570.0","539.0","480.0","360.0","300.0","298.0","360.0","795.0","121.0","299.0","177.0","177.0","178.0","176.0","174.0","176.0","134.0","66.0","60.0","60.0","60.0","60.0","60.0","60.0","60.0","59.0","60.0","60.0","60.0","60.0","60.0","59.0","60.0","60.0","60.0","60.0","60.0","60.0","60.0","60.0","59.0","58.0","57.0","57.0","59.0","50.0","59.0","59.0","59.0","0.0","0.0","0.0","14.0","17.0","14.0","0.0","4.0","0.0","0.0","0.0","5.0","0.0","0.0","0.0","0.0","0.0","0.0","0.0","0.0","0.0","0.0","0.0","0.0","0.0","0.0","0.0","795.0","0.0","0.0","0.0","0.0","0.0","0.0","0.0","0.0","0.0","0.0","0.0","0.0","0.0"
"22992.0","6006.0","5900.0","3229.0","3184.0","2886.0","1855.0","1074.0","876.0","599.0","579.0","538.0","504.0","357.0","300.0","300.0","360.0","557.0","122.0","292.0","174.0","175.0","173.0","175.0","176.0","175.0","157.0","66.0","60.0","60.0","60.0","60.0","60.0","60.0","60.0","60.0","60.0","60.0","59.0","60.0","60.0","60.0","59.0","59.0","59.0","59.0","59.0","59.0","59.0","59.0","59.0","59.0","59.0","60.0","59.0","50.0","0.0","0.0","59.0","0.0","0.0","0.0","19.0","14.0","12.0","0.0","8.0","0.0","0.0","0.0","9.0","0.0","0.0","0.0","0.0","0.0","0.0","0.0","0.0","0.0","0.0","0.0","0.0","4.0","2.0","0.0","557.0","0.0","0.0","0.0","0.0","0.0","0.0","0.0","0.0","0.0","0.0","0.0","0.0","0.0"
"23136.0","5929.0","5865.0","3176.0","3142.0","2809.0","1876.0","1080.0","866.0","601.0","599.0","591.0","479.0","360.0","297.0","300.0","359.0","503.0","121.0","300.0","180.0","179.0","177.0","180.0","180.0","178.0","158.0","66.0","60.0","60.0","60.0","60.0","60.0","60.0","60.0","60.0","60.0","60.0","60.0","60.0","60.0","60.0","60.0","60.0","59.0","60.0","60.0","60.0","60.0","60.0","58.0","60.0","59.0","59.0","59.0","54.0","0.0","0.0","57.0","0.0","0.0","0.0","13.0","17.0","18.0","0.0","6.0","0.0","0.0","0.0","9.0","0.0","0.0","0.0","0.0","0.0","0.0","0.0","0.0","0.0","0.0","0.0","0.0","0.0","0.0","0.0","503.0","0.0","0.0","0.0","0.0","0.0","0.0","0.0","0.0","0.0","0.0","0.0","0.0","0.0"
"22789.0","5885.0","5827.0","2708.0","2674.0","2783.0","1571.0","1079.0","725.0","602.0","497.0","453.0","423.0","359.0","299.0","300.0","358.0","743.0","122.0","298.0","178.0","179.0","179.0","178.0","177.0","178.0","137.0","64.0","60.0","60.0","60.0","60.0","60.0","60.0","60.0","60.0","60.0","60.0","59.0","60.0","60.0","60.0","60.0","60.0","60.0","60.0","60.0","60.0","60.0","59.0","60.0","60.0","58.0","57.0","60.0","56.0","0.0","0.0","60.0","454.0","454.0","0.0","15.0","11.0","10.0","0.0","6.0","0.0","0.0","0.0","7.0","0.0","143.0","140.0","0.0","0.0","0.0","0.0","0.0","0.0","0.0","0.0","0.0","8.0","6.0","0.0","743.0","0.0","0.0","0.0","0.0","0.0","0.0","0.0","0.0","0.0","0.0","0.0","0.0","0.0"
"22654.0","5969.0","5778.0","2969.0","2937.0","2798.0","1770.0","1079.0","821.0","606.0","571.0","529.0","495.0","360.0","300.0","300.0","360.0","808.0","122.0","301.0","178.0","177.0","178.0","178.0","178.0","177.0","139.0","66.0","60.0","60.0","60.0","60.0","60.0","60.0","60.0","60.0","59.0","60.0","60.0","59.0","60.0","60.0","60.0","60.0","60.0","60.0","60.0","60.0","59.0","59.0","58.0","59.0","59.0","59.0","60.0","55.0","0.0","0.0","60.0","0.0","0.0","0.0","14.0","19.0","13.0","0.0","9.0","0.0","0.0","0.0","7.0","0.0","0.0","0.0","0.0","0.0","0.0","0.0","0.0","0.0","0.0","0.0","0.0","4.0","4.0","0.0","808.0","0.0","0.0","0.0","0.0","0.0","0.0","0.0","0.0","0.0","0.0","0.0","0.0","0.0"
"22412.0","5865.0","5685.0","2899.0","2855.0","2711.0","1697.0","1080.0","779.0","594.0","551.0","529.0","441.0","360.0","300.0","300.0","360.0","756.0","122.0","299.0","180.0","178.0","179.0","178.0","178.0","178.0","149.0","66.0","60.0","60.0","60.0","60.0","60.0","60.0","60.0","60.0","60.0","60.0","59.0","60.0","60.0","60.0","60.0","60.0","60.0","59.0","60.0","60.0","59.0","59.0","60.0","60.0","60.0","58.0","58.0","54.0","62.0","61.0","59.0","0.0","0.0","0.0","14.0","10.0","5.0","0.0","4.0","0.0","0.0","0.0","5.0","0.0","0.0","0.0","0.0","0.0","0.0","0.0","0.0","0.0","0.0","0.0","0.0","1.0","2.0","0.0","756.0","0.0","0.0","0.0","0.0","0.0","0.0","0.0","0.0","0.0","0.0","0.0","0.0","0.0"
"22568.0","5927.0","5769.0","2901.0","2857.0","2796.0","1670.0","1080.0","771.0","593.0","519.0","494.0","443.0","360.0","300.0","300.0","360.0","758.0","122.0","300.0","180.0","176.0","178.0","175.0","176.0","179.0","161.0","66.0","59.0","60.0","60.0","59.0","60.0","60.0","60.0","60.0","60.0","60.0","60.0","60.0","60.0","60.0","60.0","60.0","60.0","59.0","60.0","60.0","59.0","59.0","58.0","59.0","60.0","57.0","58.0","53.0","1.0","0.0","59.0","0.0","0.0","0.0","13.0","19.0","15.0","0.0","5.0","0.0","0.0","0.0","7.0","0.0","0.0","0.0","0.0","0.0","0.0","0.0","0.0","0.0","0.0","0.0","0.0","0.0","0.0","0.0","758.0","0.0","0.0","0.0","0.0","0.0","0.0","0.0","0.0","0.0","0.0","0.0","0.0","0.0"
"22694.0","5890.0","5756.0","2740.0","2709.0","2769.0","1583.0","1080.0","739.0","601.0","496.0","486.0","423.0","360.0","300.0","300.0","357.0","738.0","122.0","299.0","180.0","179.0","179.0","179.0","178.0","178.0","143.0","66.0","60.0","60.0","60.0","60.0","60.0","60.0","60.0","60.0","60.0","60.0","60.0","60.0","60.0","60.0","60.0","60.0","60.0","59.0","60.0","60.0","60.0","60.0","60.0","58.0","58.0","58.0","60.0","47.0","62.0","61.0","58.0","0.0","0.0","0.0","12.0","17.0","10.0","0.0","5.0","0.0","0.0","0.0","6.0","0.0","0.0","0.0","0.0","0.0","0.0","0.0","0.0","0.0","0.0","0.0","0.0","2.0","1.0","0.0","738.0","0.0","0.0","0.0","0.0","0.0","0.0","0.0","0.0","0.0","0.0","0.0","0.0","0.0"
"22653.0","5889.0","5834.0","3346.0","3300.0","2820.0","1916.0","1079.0","851.0","600.0","607.0","585.0","488.0","357.0","300.0","300.0","357.0","803.0","122.0","298.0","180.0","178.0","177.0","178.0","178.0","176.0","145.0","66.0","60.0","60.0","60.0","60.0","60.0","60.0","60.0","59.0","60.0","60.0","60.0","60.0","59.0","59.0","60.0","60.0","60.0","59.0","60.0","60.0","59.0","59.0","59.0","59.0","58.0","60.0","57.0","52.0","62.0","61.0","58.0","0.0","0.0","0.0","22.0","29.0","17.0","0.0","4.0","0.0","0.0","0.0","8.0","0.0","0.0","0.0","0.0","0.0","0.0","0.0","0.0","0.0","0.0","0.0","0.0","8.0","5.0","0.0","803.0","0.0","0.0","0.0","0.0","0.0","0.0","0.0","0.0","0.0","0.0","0.0","0.0","0.0"
"23084.0","5959.0","5854.0","2885.0","2849.0","2845.0","1733.0","1079.0","799.0","600.0","553.0","535.0","463.0","359.0","300.0","300.0","358.0","463.0","122.0","297.0","180.0","175.0","180.0","175.0","174.0","179.0","144.0","66.0","60.0","60.0","60.0","60.0","60.0","60.0","60.0","60.0","60.0","60.0","59.0","59.0","60.0","59.0","60.0","60.0","60.0","59.0","60.0","60.0","59.0","59.0","60.0","60.0","60.0","58.0","59.0","51.0","0.0","0.0","59.0","0.0","0.0","0.0","16.0","20.0","20.0","0.0","5.0","0.0","0.0","0.0","5.0","0.0","0.0","0.0","0.0","0.0","0.0","0.0","0.0","0.0","0.0","0.0","0.0","0.0","0.0","0.0","463.0","0.0","0.0","0.0","0.0","0.0","0.0","0.0","0.0","0.0","0.0","0.0","0.0","0.0"
"22913.0","5954.0","5934.0","3048.0","3003.0","2796.0","1818.0","1077.0","819.0","590.0","611.0","606.0","448.0","359.0","300.0","299.0","360.0","751.0","121.0","294.0","177.0","179.0","177.0","178.0","178.0","175.0","143.0","66.0","60.0","60.0","60.0","60.0","60.0","60.0","60.0","60.0","60.0","60.0","60.0","60.0","59.0","60.0","60.0","60.0","60.0","60.0","60.0","60.0","60.0","60.0","59.0","58.0","57.0","59.0","57.0","53.0","62.0","61.0","60.0","0.0","0.0","0.0","17.0","28.0","29.0","0.0","7.0","0.0","0.0","0.0","9.0","0.0","0.0","0.0","0.0","0.0","0.0","0.0","0.0","0.0","0.0","0.0","0.0","2.0","2.0","0.0","751.0","0.0","0.0","0.0","0.0","0.0","0.0","0.0","0.0","0.0","0.0","0.0","0.0","0.0"
"22839.0","6025.0","5888.0","3090.0","3045.0","2860.0","1872.0","1080.0","854.0","588.0","586.0","564.0","524.0","359.0","289.0","300.0","360.0","838.0","120.0","299.0","176.0","175.0","176.0","175.0","174.0","167.0","160.0","66.0","59.0","60.0","60.0","60.0","60.0","60.0","60.0","60.0","60.0","60.0","60.0","60.0","60.0","60.0","60.0","60.0","60.0","60.0","60.0","60.0","59.0","59.0","58.0","58.0","58.0","57.0","58.0","50.0","62.0","61.0","60.0","0.0","0.0","0.0","20.0","26.0","37.0","0.0","5.0","0.0","0.0","0.0","4.0","0.0","0.0","0.0","0.0","0.0","0.0","0.0","0.0","0.0","0.0","0.0","0.0","2.0","2.0","0.0","838.0","0.0","0.0","0.0","0.0","0.0","0.0","0.0","0.0","0.0","0.0","0.0","0.0","0.0"
"22484.0","5927.0","5767.0","3382.0","3328.0","2762.0","1959.0","1072.0","878.0","608.0","650.0","586.0","557.0","360.0","300.0","300.0","360.0","872.0","124.0","299.0","179.0","178.0","180.0","180.0","179.0","177.0","149.0","66.0","60.0","60.0","60.0","60.0","60.0","60.0","59.0","60.0","60.0","60.0","60.0","59.0","59.0","59.0","59.0","59.0","59.0","60.0","59.0","59.0","60.0","60.0","60.0","60.0","59.0","55.0","75.0","53.0","62.0","61.0","60.0","0.0","0.0","0.0","19.0","17.0","11.0","0.0","3.0","0.0","0.0","0.0","5.0","0.0","0.0","0.0","0.0","0.0","0.0","0.0","0.0","0.0","0.0","0.0","0.0","2.0","2.0","0.0","872.0","0.0","0.0","0.0","0.0","0.0","0.0","0.0","0.0","0.0","0.0","0.0","0.0","0.0"
"22164.0","5822.0","5721.0","3073.0","3016.0","2718.0","1934.0","1069.0","840.0","694.0","681.0","623.0","509.0","360.0","297.0","300.0","359.0","823.0","150.0","300.0","173.0","177.0","179.0","174.0","174.0","168.0","167.0","66.0","60.0","60.0","60.0","60.0","60.0","60.0","60.0","60.0","60.0","59.0","60.0","60.0","60.0","60.0","58.0","58.0","58.0","60.0","58.0","58.0","57.0","57.0","60.0","58.0","59.0","59.0","90.0","54.0","16.0","15.0","56.0","0.0","0.0","0.0","25.0","22.0","22.0","0.0","6.0","0.0","0.0","0.0","8.0","0.0","0.0","0.0","0.0","0.0","0.0","0.0","0.0","0.0","0.0","0.0","0.0","6.0","3.0","0.0","823.0","0.0","0.0","0.0","0.0","0.0","0.0","0.0","0.0","0.0","0.0","0.0","0.0","0.0"
"23025.0","6032.0","5892.0","3147.0","3102.0","2883.0","1915.0","1080.0","861.0","667.0","655.0","625.0","550.0","359.0","300.0","300.0","360.0","638.0","149.0","298.0","179.0","178.0","179.0","177.0","178.0","179.0","154.0","66.0","60.0","60.0","60.0","60.0","60.0","60.0","60.0","60.0","60.0","60.0","60.0","60.0","59.0","60.0","60.0","60.0","60.0","60.0","60.0","60.0","59.0","58.0","58.0","60.0","60.0","60.0","59.0","48.0","0.0","0.0","59.0","0.0","0.0","0.0","18.0","12.0","9.0","0.0","4.0","0.0","0.0","0.0","9.0","0.0","0.0","0.0","0.0","0.0","0.0","0.0","0.0","0.0","0.0","0.0","0.0","2.0","2.0","0.0","638.0","0.0","0.0","0.0","0.0","0.0","0.0","0.0","0.0","0.0","0.0","0.0","0.0","0.0"
"22576.0","5944.0","5801.0","2942.0","2900.0","2803.0","1755.0","1077.0","800.0","652.0","594.0","562.0","519.0","362.0","300.0","300.0","360.0","834.0","146.0","300.0","178.0","180.0","177.0","180.0","180.0","177.0","140.0","66.0","60.0","60.0","60.0","60.0","60.0","60.0","60.0","60.0","60.0","60.0","60.0","60.0","59.0","60.0","60.0","60.0","60.0","59.0","60.0","60.0","60.0","60.0","58.0","56.0","57.0","60.0","57.0","51.0","62.0","61.0","60.0","0.0","0.0","0.0","16.0","19.0","16.0","0.0","5.0","0.0","0.0","0.0","5.0","0.0","0.0","0.0","0.0","0.0","0.0","0.0","0.0","0.0","0.0","0.0","0.0","0.0","0.0","0.0","834.0","0.0","0.0","0.0","0.0","0.0","0.0","0.0","0.0","0.0","0.0","0.0","0.0","0.0"
"22943.0","5962.0","5867.0","2940.0","2912.0","2839.0","1753.0","1074.0","792.0","663.0","554.0","518.0","491.0","360.0","300.0","300.0","360.0","806.0","152.0","300.0","179.0","178.0","178.0","176.0","177.0","176.0","149.0","66.0","60.0","60.0","60.0","60.0","60.0","60.0","60.0","59.0","60.0","60.0","60.0","60.0","60.0","60.0","59.0","59.0","59.0","59.0","59.0","59.0","60.0","60.0","59.0","60.0","60.0","60.0","55.0","48.0","62.0","61.0","60.0","0.0","0.0","0.0","23.0","28.0","22.0","0.0","4.0","0.0","0.0","0.0","5.0","0.0","0.0","0.0","0.0","0.0","0.0","0.0","0.0","0.0","0.0","0.0","0.0","0.0","0.0","0.0","806.0","0.0","0.0","0.0","0.0","0.0","0.0","0.0","0.0","0.0","0.0","0.0","0.0","0.0"
"22863.0","5947.0","5847.0","3088.0","3049.0","2806.0","1827.0","1080.0","848.0","694.0","587.0","576.0","489.0","360.0","300.0","299.0","360.0","804.0","303.0","300.0","179.0","180.0","179.0","179.0","180.0","182.0","164.0","66.0","60.0","60.0","60.0","60.0","60.0","60.0","60.0","60.0","60.0","60.0","60.0","60.0","59.0","60.0","60.0","60.0","60.0","60.0","60.0","60.0","60.0","60.0","60.0","60.0","60.0","59.0","57.0","55.0","0.0","0.0","59.0","0.0","0.0","0.0","22.0","27.0","21.0","0.0","8.0","0.0","0.0","0.0","7.0","0.0","0.0","0.0","0.0","0.0","0.0","0.0","0.0","0.0","0.0","0.0","0.0","2.0","2.0","0.0","804.0","0.0","0.0","0.0","0.0","0.0","0.0","0.0","0.0","0.0","0.0","0.0","0.0","0.0"
"22802.0","5990.0","5820.0","3099.0","3066.0","2856.0","1834.0","1075.0","820.0","851.0","632.0","592.0","529.0","359.0","299.0","300.0","360.0","843.0","238.0","295.0","179.0","178.0","179.0","179.0","180.0","179.0","160.0","66.0","60.0","60.0","60.0","60.0","60.0","60.0","60.0","60.0","60.0","60.0","60.0","60.0","60.0","59.0","59.0","59.0","59.0","60.0","59.0","59.0","59.0","60.0","59.0","60.0","59.0","58.0","56.0","48.0","62.0","61.0","58.0","0.0","0.0","0.0","17.0","20.0","11.0","0.0","7.0","0.0","0.0","0.0","4.0","0.0","0.0","0.0","0.0","0.0","0.0","0.0","0.0","0.0","0.0","1.0","1.0","0.0","0.0","0.0","843.0","0.0","0.0","0.0","0.0","0.0","0.0","0.0","0.0","0.0","0.0","0.0","0.0","0.0"
"22657.0","5916.0","5778.0","2975.0","2940.0","2799.0","1717.0","1079.0","772.0","908.0","571.0","531.0","476.0","360.0","300.0","300.0","360.0","751.0","329.0","299.0","180.0","179.0","179.0","178.0","177.0","178.0","138.0","66.0","60.0","60.0","60.0","60.0","60.0","60.0","60.0","59.0","60.0","60.0","60.0","60.0","60.0","58.0","60.0","60.0","60.0","59.0","60.0","60.0","60.0","60.0","60.0","59.0","59.0","56.0","58.0","53.0","0.0","0.0","58.0","0.0","0.0","0.0","15.0","12.0","8.0","0.0","5.0","0.0","0.0","0.0","4.0","0.0","0.0","0.0","0.0","0.0","0.0","0.0","0.0","0.0","0.0","0.0","0.0","4.0","3.0","0.0","751.0","0.0","0.0","0.0","0.0","0.0","0.0","0.0","0.0","0.0","0.0","0.0","0.0","0.0"
"22754.0","5959.0","5786.0","2930.0","2903.0","2806.0","1700.0","1073.0","759.0","644.0","560.0","514.0","479.0","359.0","300.0","299.0","358.0","794.0","156.0","299.0","177.0","178.0","177.0","177.0","177.0","180.0","146.0","66.0","60.0","60.0","60.0","60.0","60.0","60.0","60.0","60.0","60.0","60.0","60.0","60.0","60.0","60.0","58.0","59.0","59.0","60.0","59.0","59.0","60.0","60.0","58.0","58.0","58.0","59.0","55.0","54.0","62.0","61.0","57.0","0.0","0.0","0.0","18.0","12.0","11.0","0.0","5.0","0.0","0.0","0.0","6.0","0.0","0.0","0.0","0.0","0.0","0.0","0.0","0.0","0.0","0.0","0.0","0.0","0.0","0.0","0.0","794.0","0.0","0.0","0.0","0.0","0.0","0.0","0.0","0.0","0.0","0.0","0.0","0.0","0.0"
"22995.0","5949.0","5819.0","3028.0","2998.0","2855.0","1793.0","1079.0","780.0","691.0","610.0","569.0","554.0","360.0","299.0","300.0","360.0","869.0","162.0","300.0","180.0","177.0","180.0","178.0","177.0","178.0","154.0","66.0","60.0","60.0","60.0","60.0","60.0","60.0","60.0","60.0","60.0","60.0","60.0","60.0","60.0","59.0","60.0","60.0","60.0","60.0","60.0","60.0","60.0","59.0","60.0","60.0","60.0","59.0","57.0","48.0","62.0","61.0","59.0","0.0","0.0","0.0","20.0","14.0","15.0","0.0","6.0","0.0","0.0","0.0","8.0","0.0","0.0","0.0","0.0","0.0","0.0","0.0","0.0","0.0","0.0","0.0","0.0","0.0","0.0","0.0","869.0","0.0","0.0","0.0","0.0","0.0","0.0","0.0","0.0","0.0","0.0","0.0","0.0","0.0"
"22697.0","5913.0","5877.0","2698.0","2661.0","2837.0","1631.0","1074.0","689.0","719.0","568.0","536.0","479.0","360.0","300.0","300.0","360.0","787.0","172.0","300.0","180.0","180.0","179.0","180.0","180.0","179.0","144.0","66.0","60.0","60.0","60.0","60.0","58.0","60.0","60.0","60.0","60.0","60.0","60.0","60.0","60.0","60.0","59.0","59.0","59.0","59.0","58.0","59.0","59.0","59.0","59.0","58.0","58.0","56.0","58.0","56.0","0.0","0.0","56.0","0.0","0.0","0.0","10.0","12.0","12.0","0.0","5.0","0.0","0.0","0.0","7.0","0.0","0.0","0.0","0.0","0.0","0.0","0.0","0.0","0.0","0.0","0.0","0.0","2.0","2.0","0.0","787.0","0.0","0.0","0.0","0.0","0.0","0.0","0.0","0.0","0.0","0.0","0.0","0.0","0.0"
"23163.0","5981.0","5936.0","3240.0","3196.0","2884.0","1901.0","1079.0","853.0","647.0","621.0","597.0","523.0","360.0","300.0","300.0","360.0","838.0","201.0","300.0","180.0","177.0","177.0","178.0","177.0","178.0","146.0","66.0","60.0","60.0","60.0","60.0","60.0","60.0","60.0","60.0","60.0","60.0","60.0","59.0","59.0","60.0","60.0","60.0","60.0","60.0","60.0","60.0","60.0","60.0","58.0","60.0","58.0","56.0","58.0","55.0","62.0","61.0","59.0","0.0","0.0","0.0","26.0","20.0","17.0","0.0","8.0","0.0","0.0","0.0","4.0","0.0","0.0","0.0","0.0","0.0","0.0","0.0","0.0","0.0","0.0","0.0","0.0","5.0","4.0","0.0","838.0","1.0","1.0","1.0","0.0","1.0","0.0","1.0","1.0","1.0","1.0","1.0","1.0","1.0"
"23300.0","5950.0","5912.0","3088.0","3050.0","2900.0","1818.0","1080.0","839.0","650.0","590.0","553.0","513.0","359.0","299.0","299.0","358.0","826.0","146.0","299.0","179.0","180.0","180.0","179.0","180.0","180.0","149.0","66.0","60.0","60.0","60.0","60.0","60.0","60.0","60.0","60.0","59.0","60.0","60.0","60.0","60.0","60.0","60.0","60.0","60.0","60.0","60.0","60.0","59.0","59.0","59.0","59.0","59.0","59.0","58.0","49.0","0.0","0.0","60.0","0.0","0.0","0.0","15.0","16.0","13.0","0.0","8.0","0.0","0.0","0.0","8.0","0.0","0.0","0.0","0.0","0.0","0.0","0.0","0.0","0.0","0.0","0.0","0.0","2.0","1.0","0.0","826.0","0.0","0.0","0.0","0.0","0.0","0.0","0.0","0.0","0.0","0.0","0.0","0.0","0.0"
"22841.0","5877.0","5782.0","2865.0","2829.0","2768.0","1634.0","1080.0","721.0","648.0","549.0","503.0","421.0","359.0","300.0","300.0","357.0","736.0","146.0","300.0","176.0","179.0","178.0","177.0","179.0","176.0","137.0","66.0","60.0","60.0","60.0","60.0","60.0","60.0","60.0","60.0","60.0","60.0","60.0","60.0","60.0","58.0","60.0","60.0","60.0","59.0","60.0","60.0","60.0","60.0","60.0","59.0","58.0","60.0","59.0","50.0","62.0","61.0","60.0","0.0","0.0","0.0","12.0","14.0","21.0","0.0","7.0","0.0","0.0","0.0","6.0","0.0","0.0","0.0","0.0","0.0","0.0","0.0","0.0","0.0","0.0","0.0","0.0","0.0","1.0","0.0","736.0","0.0","0.0","0.0","0.0","0.0","0.0","0.0","0.0","0.0","0.0","0.0","0.0","0.0"
"22493.0","5807.0","5761.0","2781.0","2741.0","2750.0","1587.0","1080.0","712.0","636.0","504.0","478.0","394.0","360.0","298.0","300.0","360.0","709.0","146.0","300.0","178.0","176.0","177.0","175.0","173.0","178.0","140.0","66.0","60.0","60.0","60.0","60.0","60.0","60.0","60.0","60.0","60.0","60.0","60.0","60.0","60.0","60.0","60.0","60.0","60.0","59.0","59.0","59.0","60.0","60.0","60.0","60.0","60.0","60.0","59.0","53.0","62.0","61.0","60.0","0.0","0.0","0.0","18.0","16.0","10.0","0.0","7.0","0.0","0.0","0.0","8.0","0.0","0.0","0.0","0.0","0.0","0.0","0.0","0.0","0.0","0.0","0.0","0.0","0.0","0.0","0.0","709.0","0.0","0.0","0.0","0.0","0.0","0.0","0.0","0.0","0.0","0.0","0.0","0.0","0.0"
"23032.0","6023.0","5923.0","3174.0","3121.0","2901.0","1834.0","1078.0","824.0","648.0","573.0","530.0","512.0","360.0","298.0","299.0","360.0","851.0","145.0","295.0","177.0","174.0","179.0","174.0","175.0","177.0","161.0","65.0","60.0","60.0","60.0","60.0","59.0","60.0","60.0","60.0","60.0","60.0","59.0","60.0","59.0","60.0","60.0","60.0","60.0","60.0","60.0","59.0","57.0","57.0","59.0","59.0","58.0","57.0","60.0","50.0","61.0","61.0","60.0","479.0","478.0","0.0","16.0","17.0","19.0","0.0","2.0","0.0","0.0","0.0","8.0","0.0","145.0","144.0","0.0","0.0","0.0","0.0","0.0","0.0","0.0","0.0","0.0","2.0","2.0","0.0","851.0","0.0","0.0","0.0","0.0","0.0","0.0","0.0","0.0","0.0","0.0","0.0","0.0","0.0"
"23105.0","5968.0","5893.0","2878.0","2851.0","2868.0","1705.0","1080.0","778.0","645.0","523.0","496.0","488.0","360.0","300.0","300.0","360.0","803.0","146.0","300.0","180.0","178.0","180.0","179.0","176.0","178.0","157.0","66.0","60.0","60.0","60.0","60.0","60.0","60.0","60.0","60.0","60.0","60.0","60.0","60.0","60.0","60.0","60.0","60.0","60.0","60.0","60.0","60.0","60.0","60.0","59.0","60.0","60.0","60.0","58.0","50.0","62.0","61.0","60.0","0.0","0.0","0.0","14.0","22.0","14.0","0.0","3.0","0.0","0.0","0.0","7.0","0.0","0.0","0.0","0.0","0.0","0.0","0.0","0.0","0.0","0.0","0.0","0.0","0.0","0.0","0.0","803.0","0.0","0.0","0.0","0.0","0.0","0.0","0.0","0.0","0.0","0.0","0.0","0.0","0.0"
"23570.0","6001.0","6024.0","2999.0","2956.0","2942.0","1746.0","1076.0","790.0","652.0","558.0","532.0","456.0","358.0","300.0","300.0","360.0","771.0","146.0","299.0","180.0","179.0","180.0","173.0","175.0","180.0","144.0","66.0","60.0","60.0","59.0","60.0","59.0","59.0","59.0","60.0","59.0","59.0","60.0","60.0","60.0","60.0","60.0","60.0","60.0","59.0","60.0","60.0","59.0","59.0","60.0","59.0","58.0","60.0","59.0","50.0","62.0","61.0","60.0","0.0","0.0","0.0","13.0","19.0","17.0","0.0","6.0","0.0","0.0","0.0","5.0","0.0","0.0","0.0","0.0","0.0","0.0","0.0","0.0","0.0","0.0","0.0","0.0","2.0","1.0","0.0","771.0","0.0","0.0","0.0","0.0","0.0","0.0","0.0","0.0","0.0","0.0","0.0","0.0","0.0"
"23010.0","5980.0","5882.0","2899.0","2862.0","2857.0","1727.0","1074.0","792.0","654.0","564.0","528.0","448.0","360.0","300.0","300.0","360.0","763.0","146.0","300.0","178.0","177.0","176.0","179.0","179.0","179.0","160.0","66.0","60.0","60.0","60.0","60.0","60.0","60.0","60.0","60.0","60.0","60.0","59.0","60.0","59.0","60.0","59.0","59.0","59.0","59.0","59.0","59.0","60.0","60.0","60.0","60.0","59.0","59.0","58.0","53.0","62.0","61.0","59.0","0.0","0.0","0.0","18.0","11.0","10.0","0.0","6.0","0.0","0.0","0.0","8.0","0.0","0.0","0.0","0.0","0.0","0.0","0.0","0.0","0.0","0.0","0.0","0.0","2.0","2.0","0.0","763.0","0.0","0.0","0.0","0.0","0.0","0.0","0.0","0.0","0.0","0.0","0.0","0.0","0.0"
"23288.0","6002.0","6000.0","3179.0","3145.0","2911.0","1894.0","1080.0","853.0","645.0","594.0","577.0","511.0","360.0","300.0","299.0","360.0","826.0","146.0","300.0","180.0","176.0","179.0","176.0","174.0","176.0","161.0","66.0","60.0","60.0","60.0","60.0","60.0","60.0","60.0","60.0","60.0","60.0","60.0","60.0","60.0","60.0","60.0","60.0","60.0","60.0","60.0","60.0","60.0","60.0","60.0","59.0","58.0","56.0","56.0","53.0","62.0","61.0","59.0","0.0","0.0","0.0","16.0","15.0","14.0","0.0","9.0","0.0","0.0","0.0","7.0","0.0","0.0","0.0","0.0","0.0","0.0","0.0","0.0","0.0","0.0","0.0","0.0","2.0","1.0","0.0","826.0","0.0","0.0","0.0","0.0","0.0","0.0","0.0","0.0","0.0","0.0","0.0","0.0","0.0"
"23184.0","6023.0","5912.0","2993.0","2955.0","2862.0","1711.0","1080.0","789.0","645.0","531.0","504.0","453.0","360.0","300.0","299.0","358.0","544.0","146.0","299.0","178.0","180.0","180.0","179.0","179.0","178.0","141.0","66.0","60.0","60.0","60.0","60.0","60.0","60.0","60.0","60.0","60.0","60.0","60.0","59.0","60.0","60.0","60.0","60.0","60.0","59.0","60.0","60.0","60.0","60.0","60.0","58.0","59.0","59.0","59.0","52.0","0.0","0.0","61.0","0.0","0.0","0.0","19.0","15.0","13.0","0.0","3.0","0.0","0.0","0.0","6.0","0.0","0.0","0.0","0.0","0.0","0.0","0.0","0.0","0.0","0.0","0.0","0.0","3.0","3.0","0.0","544.0","0.0","0.0","0.0","0.0","0.0","0.0","0.0","0.0","0.0","0.0","0.0","0.0","0.0"
"22653.0","5820.0","5770.0","2969.0","2935.0","2751.0","1651.0","1075.0","714.0","649.0","537.0","507.0","444.0","360.0","300.0","300.0","360.0","759.0","145.0","299.0","180.0","180.0","179.0","178.0","178.0","179.0","137.0","66.0","60.0","60.0","60.0","60.0","60.0","60.0","60.0","60.0","60.0","60.0","60.0","60.0","60.0","60.0","59.0","59.0","59.0","60.0","59.0","59.0","60.0","60.0","60.0","60.0","60.0","60.0","55.0","56.0","62.0","61.0","59.0","0.0","0.0","0.0","13.0","17.0","18.0","0.0","5.0","0.0","0.0","0.0","4.0","0.0","0.0","0.0","0.0","0.0","0.0","0.0","0.0","0.0","0.0","0.0","0.0","1.0","1.0","0.0","759.0","0.0","0.0","0.0","0.0","0.0","0.0","0.0","0.0","0.0","0.0","0.0","0.0","0.0"
"22304.0","5805.0","5727.0","2996.0","2953.0","2725.0","1715.0","1079.0","769.0","653.0","568.0","531.0","449.0","360.0","300.0","300.0","360.0","763.0","144.0","300.0","179.0","180.0","179.0","178.0","178.0","177.0","143.0","66.0","60.0","60.0","60.0","60.0","60.0","60.0","60.0","60.0","60.0","60.0","59.0","60.0","60.0","60.0","60.0","60.0","60.0","60.0","60.0","60.0","59.0","59.0","60.0","60.0","58.0","58.0","59.0","52.0","1.0","0.0","59.0","0.0","0.0","0.0","11.0","15.0","14.0","0.0","6.0","0.0","0.0","0.0","6.0","0.0","0.0","0.0","0.0","0.0","0.0","0.0","0.0","0.0","0.0","0.0","0.0","0.0","0.0","0.0","763.0","0.0","0.0","0.0","0.0","0.0","0.0","0.0","0.0","0.0","0.0","0.0","0.0","0.0"
"22820.0","5945.0","5820.0","3370.0","3328.0","2811.0","1896.0","1074.0","877.0","649.0","588.0","547.0","532.0","362.0","300.0","300.0","362.0","847.0","144.0","299.0","174.0","178.0","178.0","179.0","180.0","176.0","165.0","66.0","60.0","60.0","60.0","60.0","60.0","60.0","59.0","60.0","60.0","60.0","60.0","60.0","60.0","60.0","59.0","59.0","59.0","60.0","59.0","59.0","60.0","60.0","60.0","58.0","54.0","59.0","60.0","53.0","62.0","61.0","60.0","0.0","0.0","0.0","12.0","18.0","14.0","0.0","7.0","0.0","0.0","0.0","4.0","0.0","0.0","0.0","0.0","0.0","0.0","0.0","0.0","0.0","0.0","0.0","0.0","4.0","2.0","0.0","847.0","0.0","0.0","0.0","0.0","0.0","0.0","0.0","0.0","0.0","0.0","0.0","0.0","0.0"
"23059.0","5933.0","5901.0","3074.0","3034.0","2842.0","1774.0","1068.0","790.0","644.0","589.0","539.0","472.0","358.0","297.0","300.0","358.0","472.0","145.0","295.0","178.0","179.0","178.0","178.0","177.0","174.0","156.0","66.0","60.0","60.0","60.0","60.0","60.0","60.0","60.0","60.0","60.0","60.0","57.0","60.0","60.0","60.0","58.0","58.0","58.0","60.0","58.0","58.0","60.0","60.0","60.0","59.0","56.0","58.0","58.0","50.0","0.0","0.0","58.0","0.0","0.0","0.0","16.0","14.0","17.0","0.0","6.0","0.0","0.0","0.0","7.0","0.0","0.0","0.0","0.0","0.0","0.0","0.0","0.0","0.0","0.0","0.0","0.0","0.0","0.0","0.0","472.0","0.0","0.0","0.0","0.0","0.0","0.0","0.0","0.0","0.0","0.0","0.0","0.0","0.0"
"22866.0","6299.0","6056.0","3558.0","3517.0","3141.0","2113.0","1069.0","990.0","886.0","664.0","612.0","598.0","358.0","300.0","300.0","360.0","916.0","550.0","299.0","175.0","178.0","178.0","179.0","176.0","174.0","174.0","66.0","60.0","60.0","60.0","60.0","60.0","60.0","60.0","60.0","60.0","60.0","60.0","60.0","60.0","60.0","58.0","58.0","58.0","60.0","58.0","58.0","59.0","59.0","58.0","60.0","60.0","59.0","59.0","51.0","62.0","61.0","58.0","0.0","0.0","0.0","21.0","23.0","25.0","0.0","9.0","0.0","0.0","0.0","7.0","0.0","0.0","0.0","0.0","0.0","0.0","0.0","0.0","0.0","0.0","0.0","0.0","8.0","6.0","0.0","916.0","0.0","0.0","0.0","0.0","0.0","0.0","0.0","0.0","0.0","0.0","0.0","0.0","0.0"
"24229.0","6490.0","6463.0","3422.0","3393.0","3369.0","1979.0","1080.0","922.0","900.0","604.0","573.0","582.0","359.0","299.0","300.0","359.0","886.0","339.0","298.0","178.0","178.0","174.0","177.0","173.0","175.0","169.0","63.0","60.0","60.0","60.0","60.0","60.0","60.0","60.0","60.0","60.0","60.0","60.0","60.0","59.0","60.0","60.0","60.0","60.0","58.0","60.0","60.0","60.0","60.0","57.0","60.0","60.0","56.0","58.0","51.0","149.0","149.0","58.0","0.0","0.0","0.0","34.0","27.0","20.0","0.0","15.0","0.0","0.0","0.0","9.0","0.0","0.0","0.0","0.0","0.0","0.0","0.0","0.0","0.0","0.0","0.0","0.0","2.0","2.0","0.0","886.0","0.0","0.0","0.0","0.0","0.0","0.0","0.0","0.0","0.0","0.0","0.0","0.0","0.0"
"22677.0","5916.0","5782.0","2930.0","2884.0","2793.0","1697.0","1075.0","770.0","902.0","548.0","511.0","442.0","360.0","300.0","300.0","360.0","740.0","266.0","300.0","179.0","177.0","177.0","176.0","176.0","179.0","155.0","66.0","60.0","60.0","60.0","60.0","60.0","60.0","60.0","60.0","60.0","60.0","60.0","60.0","59.0","59.0","59.0","59.0","59.0","59.0","59.0","59.0","58.0","58.0","58.0","58.0","58.0","57.0","58.0","48.0","70.0","69.0","59.0","0.0","0.0","0.0","34.0","20.0","23.0","0.0","12.0","0.0","0.0","0.0","5.0","0.0","0.0","0.0","0.0","0.0","0.0","0.0","0.0","0.0","0.0","0.0","0.0","2.0","2.0","0.0","740.0","0.0","0.0","0.0","0.0","0.0","0.0","0.0","0.0","0.0","0.0","0.0","0.0","0.0"
"23679.0","6091.0","6098.0","3303.0","3265.0","2998.0","1932.0","1079.0","848.0","900.0","622.0","585.0","534.0","360.0","300.0","299.0","360.0","831.0","263.0","300.0","180.0","179.0","179.0","180.0","180.0","176.0","157.0","66.0","60.0","60.0","60.0","60.0","59.0","60.0","60.0","60.0","59.0","60.0","60.0","60.0","60.0","59.0","60.0","60.0","60.0","60.0","60.0","60.0","60.0","60.0","59.0","58.0","59.0","57.0","56.0","51.0","70.0","69.0","55.0","0.0","0.0","0.0","27.0","24.0","29.0","0.0","18.0","0.0","0.0","0.0","10.0","0.0","0.0","0.0","0.0","0.0","0.0","0.0","0.0","0.0","0.0","0.0","0.0","2.0","1.0","0.0","831.0","0.0","0.0","0.0","0.0","0.0","0.0","0.0","0.0","0.0","0.0","0.0","0.0","0.0"
"23312.0","6100.0","6003.0","2911.0","2883.0","2944.0","1685.0","1078.0","761.0","955.0","521.0","500.0","476.0","359.0","305.0","299.0","365.0","782.0","548.0","299.0","180.0","178.0","180.0","176.0","179.0","179.0","158.0","66.0","60.0","60.0","60.0","60.0","60.0","60.0","60.0","60.0","60.0","60.0","60.0","59.0","60.0","60.0","59.0","59.0","59.0","59.0","59.0","59.0","60.0","60.0","60.0","59.0","57.0","59.0","59.0","54.0","1.0","0.0","60.0","0.0","0.0","0.0","21.0","23.0","27.0","0.0","15.0","0.0","0.0","0.0","7.0","0.0","0.0","0.0","0.0","0.0","0.0","0.0","0.0","0.0","0.0","0.0","0.0","6.0","4.0","0.0","782.0","1.0","1.0","1.0","0.0","1.0","0.0","1.0","1.0","1.0","1.0","1.0","1.0","1.0"
"23489.0","6078.0","6033.0","2940.0","2900.0","2923.0","1778.0","1078.0","780.0","927.0","583.0","556.0","463.0","360.0","300.0","300.0","360.0","759.0","262.0","298.0","179.0","176.0","178.0","177.0","176.0","178.0","147.0","66.0","60.0","60.0","60.0","60.0","60.0","60.0","60.0","60.0","60.0","60.0","60.0","60.0","60.0","60.0","60.0","60.0","60.0","59.0","60.0","60.0","57.0","57.0","59.0","60.0","60.0","59.0","58.0","55.0","0.0","0.0","59.0","0.0","0.0","0.0","29.0","23.0","10.0","0.0","15.0","0.0","0.0","0.0","8.0","0.0","0.0","0.0","0.0","0.0","0.0","0.0","0.0","0.0","0.0","0.0","0.0","0.0","0.0","0.0","759.0","0.0","0.0","0.0","0.0","0.0","0.0","0.0","0.0","0.0","0.0","0.0","0.0","0.0"
"22799.0","5884.0","5781.0","2871.0","2839.0","2731.0","1697.0","1070.0","776.0","883.0","553.0","526.0","454.0","360.0","300.0","299.0","360.0","752.0","244.0","300.0","180.0","179.0","180.0","177.0","178.0","178.0","136.0","66.0","60.0","60.0","60.0","60.0","60.0","60.0","60.0","60.0","60.0","60.0","60.0","60.0","60.0","60.0","58.0","58.0","58.0","60.0","58.0","58.0","60.0","60.0","60.0","60.0","59.0","55.0","60.0","52.0","70.0","69.0","61.0","0.0","0.0","0.0","27.0","25.0","17.0","0.0","12.0","0.0","0.0","0.0","5.0","0.0","0.0","0.0","0.0","0.0","0.0","0.0","0.0","0.0","0.0","0.0","0.0","2.0","2.0","0.0","752.0","0.0","0.0","0.0","0.0","0.0","0.0","0.0","0.0","0.0","0.0","0.0","0.0","0.0"
"23151.0","6083.0","5805.0","3195.0","3163.0","2943.0","1829.0","1080.0","812.0","923.0","578.0","544.0","515.0","359.0","290.0","304.0","360.0","593.0","1175.0","303.0","176.0","177.0","176.0","177.0","177.0","175.0","173.0","66.0","60.0","60.0","60.0","60.0","60.0","60.0","60.0","60.0","60.0","60.0","59.0","60.0","60.0","59.0","60.0","60.0","60.0","59.0","60.0","60.0","59.0","59.0","61.0","60.0","60.0","57.0","59.0","51.0","0.0","0.0","59.0","0.0","0.0","0.0","22.0","17.0","20.0","0.0","13.0","0.0","40.0","26.0","7.0","0.0","0.0","0.0","4.0","12.0","13.0","13.0","12.0","2.0","2.0","0.0","0.0","8.0","8.0","0.0","593.0","74.0","76.0","73.0","0.0","43.0","0.0","42.0","42.0","42.0","42.0","41.0","42.0","42.0"
"24678.0","6203.0","6169.0","3189.0","3137.0","3092.0","1880.0","1079.0","835.0","916.0","597.0","584.0","510.0","360.0","300.0","299.0","360.0","840.0","628.0","299.0","178.0","177.0","178.0","177.0","178.0","179.0","156.0","65.0","60.0","60.0","60.0","60.0","60.0","60.0","60.0","60.0","60.0","60.0","60.0","59.0","60.0","59.0","60.0","60.0","60.0","58.0","60.0","60.0","60.0","60.0","59.0","60.0","60.0","60.0","57.0","53.0","0.0","0.0","58.0","0.0","0.0","0.0","29.0","27.0","20.0","0.0","14.0","0.0","118.0","119.0","6.0","0.0","0.0","0.0","0.0","60.0","60.0","60.0","60.0","0.0","0.0","0.0","0.0","2.0","2.0","0.0","840.0","0.0","0.0","0.0","0.0","0.0","0.0","0.0","0.0","0.0","0.0","0.0","0.0","0.0"
"24737.0","6211.0","6168.0","2958.0","2908.0","3065.0","1787.0","1077.0","789.0","907.0","590.0","546.0","452.0","360.0","300.0","300.0","360.0","810.0","627.0","300.0","178.0","178.0","178.0","178.0","179.0","177.0","150.0","66.0","60.0","60.0","60.0","60.0","60.0","60.0","60.0","60.0","60.0","60.0","60.0","60.0","59.0","59.0","60.0","60.0","60.0","60.0","60.0","60.0","60.0","60.0","60.0","58.0","59.0","60.0","57.0","54.0","70.0","69.0","59.0","0.0","0.0","0.0","24.0","27.0","21.0","0.0","11.0","0.0","120.0","119.0","6.0","0.0","0.0","0.0","0.0","60.0","60.0","59.0","59.0","0.0","0.0","0.0","0.0","6.0","6.0","0.0","810.0","0.0","0.0","0.0","0.0","0.0","0.0","0.0","0.0","0.0","0.0","0.0","0.0","0.0"
"24532.0","6162.0","6112.0","2981.0","2940.0","3060.0","1725.0","1079.0","756.0","904.0","549.0","520.0","480.0","359.0","299.0","295.0","359.0","838.0","632.0","300.0","179.0","178.0","178.0","179.0","179.0","179.0","157.0","66.0","60.0","60.0","60.0","60.0","60.0","59.0","60.0","60.0","60.0","60.0","60.0","60.0","60.0","60.0","60.0","60.0","60.0","60.0","59.0","60.0","60.0","60.0","60.0","60.0","60.0","59.0","58.0","51.0","62.0","63.0","59.0","0.0","0.0","0.0","25.0","20.0","25.0","0.0","15.0","0.0","120.0","118.0","7.0","0.0","0.0","0.0","0.0","59.0","60.0","59.0","59.0","0.0","0.0","0.0","0.0","7.0","5.0","0.0","838.0","0.0","0.0","0.0","0.0","0.0","0.0","0.0","0.0","0.0","0.0","0.0","0.0","0.0"
"24858.0","6194.0","6237.0","3048.0","3006.0","3096.0","1784.0","1070.0","765.0","904.0","575.0","540.0","487.0","358.0","300.0","305.0","360.0","843.0","627.0","300.0","178.0","180.0","176.0","179.0","179.0","179.0","155.0","66.0","60.0","60.0","60.0","60.0","60.0","60.0","60.0","60.0","60.0","60.0","59.0","60.0","60.0","58.0","58.0","58.0","58.0","60.0","58.0","58.0","60.0","60.0","60.0","59.0","58.0","57.0","57.0","55.0","0.0","0.0","60.0","0.0","0.0","0.0","24.0","23.0","19.0","0.0","10.0","0.0","117.0","119.0","8.0","0.0","0.0","0.0","0.0","60.0","60.0","60.0","60.0","0.0","0.0","0.0","0.0","2.0","2.0","0.0","843.0","0.0","0.0","0.0","0.0","0.0","0.0","0.0","0.0","0.0","0.0","0.0","0.0","0.0"
"24311.0","6153.0","6069.0","2892.0","2863.0","3045.0","1809.0","1075.0","806.0","896.0","606.0","548.0","485.0","359.0","300.0","300.0","360.0","631.0","622.0","299.0","178.0","178.0","178.0","177.0","176.0","177.0","147.0","66.0","60.0","60.0","60.0","60.0","60.0","59.0","60.0","60.0","60.0","60.0","60.0","60.0","60.0","60.0","59.0","59.0","59.0","60.0","59.0","59.0","60.0","60.0","59.0","59.0","59.0","58.0","54.0","53.0","0.0","0.0","60.0","0.0","0.0","0.0","28.0","16.0","26.0","0.0","14.0","0.0","120.0","118.0","8.0","0.0","0.0","0.0","0.0","60.0","60.0","59.0","59.0","0.0","0.0","0.0","0.0","6.0","4.0","0.0","631.0","0.0","0.0","0.0","0.0","0.0","0.0","0.0","0.0","0.0","0.0","0.0","0.0","0.0"
"24201.0","6097.0","6027.0","2907.0","2875.0","2985.0","1715.0","1079.0","758.0","902.0","571.0","517.0","476.0","359.0","300.0","299.0","360.0","834.0","626.0","300.0","179.0","180.0","179.0","179.0","179.0","178.0","156.0","66.0","60.0","60.0","60.0","60.0","60.0","60.0","60.0","60.0","60.0","60.0","60.0","60.0","60.0","60.0","60.0","59.0","60.0","58.0","60.0","60.0","60.0","60.0","60.0","59.0","58.0","59.0","58.0","47.0","70.0","69.0","62.0","0.0","0.0","0.0","25.0","18.0","11.0","0.0","11.0","0.0","117.0","120.0","7.0","0.0","0.0","0.0","0.0","60.0","60.0","58.0","60.0","0.0","0.0","0.0","0.0","0.0","0.0","0.0","834.0","0.0","0.0","0.0","0.0","0.0","0.0","0.0","0.0","0.0","0.0","0.0","0.0","0.0"
"24347.0","6118.0","5996.0","3201.0","3152.0","3034.0","1844.0","1079.0","827.0","908.0","580.0","553.0","509.0","360.0","300.0","300.0","360.0","919.0","631.0","300.0","180.0","178.0","179.0","178.0","178.0","180.0","167.0","64.0","60.0","60.0","60.0","60.0","60.0","59.0","60.0","60.0","60.0","59.0","60.0","60.0","60.0","60.0","60.0","60.0","60.0","59.0","60.0","59.0","59.0","59.0","60.0","59.0","59.0","59.0","58.0","55.0","67.0","67.0","59.0","648.0","646.0","0.0","27.0","27.0","25.0","0.0","16.0","0.0","118.0","120.0","8.0","0.0","55.0","54.0","0.0","60.0","60.0","60.0","60.0","0.0","0.0","0.0","0.0","4.0","4.0","0.0","919.0","0.0","0.0","0.0","0.0","0.0","0.0","0.0","0.0","0.0","0.0","0.0","0.0","0.0"
"25030.0","6225.0","6203.0","3103.0","3057.0","3146.0","1826.0","1075.0","823.0","913.0","590.0","545.0","510.0","360.0","300.0","300.0","360.0","867.0","627.0","300.0","179.0","175.0","175.0","177.0","177.0","178.0","159.0","66.0","60.0","60.0","60.0","60.0","60.0","60.0","60.0","60.0","60.0","60.0","60.0","60.0","60.0","60.0","58.0","59.0","57.0","60.0","59.0","59.0","59.0","59.0","59.0","60.0","59.0","59.0","59.0","58.0","70.0","69.0","58.0","0.0","0.0","0.0","17.0","18.0","19.0","0.0","9.0","0.0","117.0","118.0","7.0","0.0","0.0","0.0","0.0","60.0","58.0","60.0","58.0","0.0","0.0","0.0","0.0","2.0","2.0","0.0","867.0","0.0","0.0","0.0","0.0","0.0","0.0","0.0","0.0","0.0","0.0","0.0","0.0","0.0"
"24508.0","6185.0","6157.0","3260.0","3211.0","3091.0","1872.0","1075.0","809.0","920.0","597.0","561.0","506.0","360.0","299.0","300.0","360.0","850.0","625.0","300.0","177.0","178.0","177.0","179.0","179.0","179.0","148.0","66.0","60.0","60.0","60.0","60.0","60.0","60.0","60.0","60.0","60.0","59.0","60.0","60.0","60.0","60.0","59.0","59.0","59.0","60.0","59.0","59.0","59.0","59.0","60.0","58.0","58.0","59.0","60.0","51.0","0.0","0.0","59.0","0.0","0.0","0.0","27.0","22.0","26.0","0.0","15.0","0.0","118.0","117.0","9.0","0.0","0.0","0.0","0.0","60.0","59.0","55.0","58.0","0.0","0.0","0.0","0.0","6.0","5.0","0.0","850.0","0.0","0.0","0.0","0.0","0.0","0.0","0.0","0.0","0.0","0.0","0.0","0.0","0.0"
"24242.0","6114.0","6024.0","3022.0","2981.0","2964.0","1809.0","1075.0","761.0","929.0","618.0","562.0","470.0","360.0","300.0","295.0","360.0","827.0","621.0","294.0","180.0","179.0","180.0","180.0","179.0","180.0","164.0","66.0","60.0","59.0","60.0","60.0","60.0","60.0","60.0","60.0","60.0","60.0","60.0","60.0","59.0","59.0","59.0","59.0","59.0","60.0","59.0","59.0","60.0","60.0","60.0","60.0","60.0","58.0","58.0","55.0","70.0","69.0","59.0","0.0","0.0","0.0","33.0","19.0","13.0","0.0","14.0","0.0","116.0","116.0","7.0","0.0","0.0","0.0","0.0","59.0","59.0","58.0","58.0","0.0","0.0","0.0","0.0","4.0","3.0","0.0","827.0","0.0","0.0","0.0","0.0","0.0","0.0","0.0","0.0","0.0","0.0","0.0","0.0","0.0"
"24383.0","6167.0","6027.0","3166.0","3115.0","3025.0","1840.0","1079.0","805.0","914.0","591.0","563.0","507.0","360.0","300.0","299.0","360.0","863.0","629.0","300.0","179.0","178.0","178.0","177.0","177.0","180.0","152.0","66.0","60.0","60.0","60.0","60.0","60.0","59.0","60.0","60.0","60.0","60.0","59.0","60.0","60.0","60.0","60.0","60.0","60.0","60.0","60.0","60.0","59.0","59.0","60.0","60.0","59.0","59.0","59.0","50.0","0.0","0.0","60.0","0.0","0.0","0.0","18.0","22.0","25.0","0.0","12.0","0.0","118.0","119.0","9.0","0.0","0.0","0.0","0.0","60.0","59.0","59.0","57.0","0.0","0.0","0.0","0.0","2.0","3.0","0.0","863.0","0.0","0.0","0.0","0.0","0.0","0.0","0.0","0.0","0.0","0.0","0.0","0.0","0.0"
"24492.0","6094.0","6088.0","2980.0","2944.0","3036.0","1691.0","1078.0","747.0","925.0","559.0","502.0","473.0","360.0","300.0","300.0","360.0","533.0","628.0","300.0","179.0","177.0","178.0","178.0","176.0","179.0","136.0","66.0","60.0","60.0","60.0","60.0","60.0","60.0","60.0","60.0","60.0","60.0","60.0","60.0","60.0","59.0","60.0","60.0","60.0","59.0","60.0","60.0","59.0","59.0","59.0","60.0","60.0","58.0","59.0","48.0","0.0","0.0","57.0","0.0","0.0","0.0","23.0","22.0","15.0","0.0","15.0","0.0","120.0","119.0","7.0","0.0","0.0","0.0","0.0","60.0","59.0","59.0","58.0","0.0","0.0","0.0","0.0","2.0","2.0","0.0","533.0","0.0","0.0","0.0","0.0","0.0","0.0","0.0","0.0","0.0","0.0","0.0","0.0","0.0"
"24231.0","6138.0","6075.0","3037.0","2995.0","3008.0","1770.0","1080.0","798.0","914.0","574.0","529.0","465.0","358.0","300.0","300.0","360.0","819.0","622.0","299.0","177.0","179.0","177.0","176.0","178.0","176.0","150.0","66.0","60.0","60.0","60.0","60.0","59.0","60.0","60.0","60.0","60.0","60.0","60.0","59.0","60.0","60.0","60.0","60.0","60.0","60.0","60.0","60.0","60.0","59.0","60.0","58.0","58.0","59.0","58.0","52.0","0.0","0.0","58.0","0.0","0.0","0.0","28.0","19.0","11.0","0.0","12.0","0.0","118.0","115.0","4.0","0.0","0.0","0.0","0.0","60.0","58.0","58.0","58.0","0.0","0.0","0.0","0.0","0.0","1.0","0.0","819.0","0.0","0.0","0.0","0.0","0.0","0.0","0.0","0.0","0.0","0.0","0.0","0.0","0.0"
"23952.0","6077.0","5942.0","2907.0","2878.0","2950.0","1685.0","1080.0","747.0","918.0","549.0","501.0","472.0","360.0","300.0","300.0","360.0","819.0","563.0","300.0","179.0","178.0","180.0","176.0","177.0","177.0","146.0","66.0","60.0","60.0","60.0","60.0","60.0","59.0","60.0","60.0","60.0","60.0","60.0","60.0","60.0","59.0","60.0","60.0","60.0","59.0","60.0","60.0","60.0","60.0","60.0","59.0","58.0","60.0","58.0","49.0","70.0","69.0","60.0","0.0","0.0","0.0","22.0","16.0","17.0","0.0","13.0","0.0","98.0","94.0","7.0","0.0","0.0","0.0","0.0","49.0","49.0","48.0","48.0","0.0","0.0","0.0","0.0","2.0","2.0","0.0","819.0","1.0","0.0","0.0","0.0","1.0","0.0","1.0","0.0","0.0","0.0","1.0","0.0","0.0"
"23286.0","6041.0","6000.0","2978.0","2934.0","2894.0","1853.0","1068.0","810.0","780.0","609.0","567.0","508.0","360.0","299.0","300.0","360.0","508.0","200.0","300.0","178.0","179.0","179.0","178.0","177.0","180.0","161.0","66.0","60.0","60.0","59.0","59.0","59.0","59.0","59.0","59.0","59.0","59.0","59.0","59.0","58.0","59.0","60.0","60.0","60.0","58.0","60.0","60.0","60.0","60.0","59.0","60.0","60.0","56.0","58.0","54.0","0.0","0.0","59.0","0.0","0.0","0.0","27.0","21.0","29.0","0.0","10.0","0.0","0.0","0.0","8.0","0.0","0.0","0.0","0.0","0.0","0.0","0.0","0.0","0.0","0.0","0.0","0.0","2.0","2.0","0.0","508.0","0.0","0.0","0.0","0.0","0.0","0.0","0.0","0.0","0.0","0.0","0.0","0.0","0.0"
"22833.0","5854.0","5864.0","3075.0","3033.0","2799.0","1895.0","1077.0","819.0","683.0","628.0","593.0","518.0","358.0","300.0","299.0","359.0","588.0","146.0","299.0","179.0","175.0","178.0","177.0","177.0","176.0","167.0","66.0","60.0","60.0","59.0","60.0","60.0","60.0","60.0","60.0","59.0","60.0","60.0","60.0","60.0","60.0","60.0","60.0","60.0","59.0","60.0","60.0","60.0","60.0","60.0","59.0","58.0","59.0","59.0","51.0","0.0","0.0","56.0","0.0","0.0","0.0","25.0","20.0","22.0","0.0","16.0","0.0","0.0","0.0","9.0","0.0","0.0","0.0","0.0","0.0","0.0","0.0","0.0","0.0","0.0","1.0","1.0","0.0","0.0","0.0","588.0","0.0","0.0","0.0","0.0","0.0","0.0","0.0","0.0","0.0","0.0","0.0","0.0","0.0"
"22923.0","5950.0","5853.0","3209.0","3166.0","2797.0","1968.0","1075.0","843.0","701.0","694.0","659.0","535.0","359.0","300.0","300.0","360.0","832.0","145.0","299.0","178.0","178.0","175.0","177.0","176.0","176.0","163.0","66.0","60.0","60.0","60.0","60.0","60.0","60.0","60.0","60.0","60.0","60.0","60.0","60.0","59.0","60.0","59.0","59.0","59.0","60.0","59.0","59.0","62.0","62.0","60.0","59.0","58.0","55.0","56.0","53.0","70.0","69.0","59.0","0.0","0.0","0.0","34.0","31.0","27.0","0.0","12.0","0.0","0.0","0.0","5.0","0.0","0.0","0.0","0.0","0.0","0.0","0.0","0.0","0.0","0.0","0.0","0.0","4.0","4.0","0.0","832.0","0.0","0.0","0.0","0.0","0.0","0.0","0.0","0.0","0.0","0.0","0.0","0.0","0.0"
"22864.0","5970.0","5876.0","2581.0","2552.0","2811.0","1517.0","1079.0","652.0","708.0","528.0","479.0","456.0","359.0","299.0","300.0","360.0","754.0","147.0","299.0","178.0","178.0","179.0","178.0","177.0","179.0","137.0","66.0","59.0","60.0","60.0","60.0","60.0","60.0","60.0","60.0","60.0","60.0","60.0","59.0","60.0","60.0","59.0","59.0","60.0","60.0","60.0","60.0","60.0","60.0","58.0","60.0","60.0","60.0","58.0","56.0","70.0","69.0","58.0","0.0","0.0","0.0","23.0","16.0","11.0","0.0","12.0","0.0","0.0","0.0","6.0","0.0","0.0","0.0","0.0","0.0","0.0","0.0","0.0","0.0","0.0","0.0","0.0","0.0","1.0","0.0","754.0","0.0","0.0","0.0","0.0","0.0","0.0","0.0","0.0","0.0","0.0","0.0","0.0","0.0"
"23339.0","5982.0","6036.0","2965.0","2940.0","2895.0","1765.0","1080.0","759.0","700.0","589.0","530.0","468.0","360.0","300.0","300.0","360.0","766.0","144.0","292.0","179.0","176.0","179.0","178.0","178.0","178.0","137.0","65.0","60.0","60.0","60.0","60.0","60.0","60.0","60.0","60.0","60.0","60.0","60.0","59.0","60.0","60.0","60.0","60.0","60.0","59.0","60.0","59.0","60.0","60.0","59.0","60.0","60.0","59.0","57.0","51.0","58.0","57.0","57.0","0.0","0.0","0.0","26.0","16.0","24.0","0.0","14.0","0.0","0.0","0.0","8.0","0.0","0.0","0.0","0.0","0.0","0.0","0.0","0.0","0.0","0.0","0.0","0.0","4.0","3.0","0.0","766.0","0.0","0.0","0.0","0.0","0.0","0.0","0.0","0.0","0.0","0.0","0.0","0.0","0.0"
"22813.0","5913.0","5798.0","3012.0","2984.0","2816.0","1739.0","1080.0","777.0","703.0","553.0","506.0","506.0","360.0","300.0","299.0","360.0","802.0","142.0","300.0","179.0","178.0","179.0","177.0","178.0","179.0","153.0","66.0","60.0","60.0","60.0","60.0","60.0","60.0","60.0","60.0","60.0","60.0","60.0","60.0","60.0","60.0","60.0","60.0","60.0","59.0","60.0","60.0","59.0","59.0","60.0","60.0","60.0","60.0","60.0","57.0","0.0","0.0","58.0","0.0","0.0","0.0","21.0","11.0","8.0","0.0","17.0","0.0","0.0","0.0","7.0","0.0","0.0","0.0","0.0","0.0","0.0","0.0","0.0","0.0","0.0","0.0","0.0","2.0","2.0","0.0","802.0","0.0","0.0","0.0","0.0","0.0","0.0","0.0","0.0","0.0","0.0","0.0","0.0","0.0"
"22824.0","5958.0","5838.0","3061.0","3020.0","2806.0","1859.0","1080.0","810.0","691.0","637.0","589.0","532.0","360.0","300.0","300.0","360.0","835.0","201.0","300.0","180.0","178.0","179.0","177.0","177.0","180.0","145.0","66.0","60.0","60.0","60.0","60.0","60.0","60.0","60.0","60.0","60.0","60.0","60.0","60.0","60.0","59.0","60.0","60.0","60.0","60.0","60.0","60.0","59.0","59.0","60.0","57.0","56.0","58.0","59.0","49.0","70.0","69.0","32.0","0.0","0.0","0.0","22.0","18.0","18.0","0.0","19.0","0.0","0.0","0.0","8.0","0.0","0.0","0.0","0.0","0.0","0.0","0.0","0.0","0.0","0.0","5.0","5.0","2.0","2.0","0.0","835.0","2.0","2.0","2.0","0.0","2.0","0.0","2.0","2.0","2.0","2.0","2.0","2.0","2.0"
"23779.0","6126.0","6152.0","3262.0","3215.0","2994.0","1961.0","1071.0","837.0","680.0","672.0","594.0","560.0","359.0","299.0","300.0","360.0","875.0","242.0","294.0","179.0","178.0","179.0","179.0","177.0","179.0","175.0","66.0","60.0","60.0","60.0","60.0","60.0","60.0","60.0","60.0","60.0","60.0","59.0","60.0","60.0","60.0","58.0","58.0","58.0","60.0","58.0","58.0","60.0","60.0","59.0","60.0","59.0","60.0","59.0","53.0","70.0","69.0","0.0","0.0","0.0","0.0","22.0","19.0","8.0","0.0","16.0","0.0","0.0","0.0","7.0","0.0","0.0","0.0","0.0","0.0","0.0","0.0","0.0","0.0","0.0","12.0","12.0","4.0","3.0","0.0","875.0","0.0","0.0","0.0","0.0","0.0","0.0","0.0","0.0","0.0","0.0","0.0","0.0","0.0"
"23259.0","6028.0","6006.0","2925.0","2886.0","2904.0","1790.0","1080.0","802.0","650.0","603.0","560.0","505.0","359.0","296.0","300.0","357.0","812.0","148.0","298.0","180.0","178.0","180.0","178.0","176.0","179.0","148.0","66.0","60.0","60.0","60.0","60.0","60.0","60.0","60.0","60.0","60.0","60.0","60.0","60.0","60.0","60.0","60.0","60.0","59.0","60.0","60.0","60.0","58.0","58.0","60.0","59.0","60.0","57.0","58.0","51.0","70.0","69.0","1.0","0.0","0.0","0.0","17.0","17.0","25.0","0.0","16.0","0.0","0.0","0.0","6.0","0.0","0.0","0.0","0.0","0.0","0.0","0.0","0.0","0.0","0.0","12.0","12.0","2.0","2.0","0.0","812.0","0.0","0.0","0.0","0.0","0.0","0.0","0.0","0.0","0.0","0.0","0.0","0.0","0.0"
"23015.0","5997.0","5942.0","2887.0","2841.0","2864.0","1792.0","1078.0","784.0","662.0","597.0","535.0","493.0","360.0","299.0","299.0","360.0","800.0","148.0","300.0","179.0","179.0","178.0","179.0","180.0","147.0","150.0","66.0","60.0","60.0","60.0","60.0","60.0","60.0","60.0","60.0","60.0","60.0","59.0","60.0","60.0","60.0","58.0","60.0","60.0","60.0","59.0","60.0","60.0","60.0","60.0","59.0","59.0","57.0","58.0","53.0","70.0","69.0","0.0","0.0","0.0","0.0","14.0","21.0","22.0","0.0","13.0","0.0","0.0","0.0","8.0","0.0","0.0","0.0","0.0","0.0","0.0","0.0","0.0","0.0","0.0","12.0","12.0","2.0","1.0","0.0","800.0","0.0","0.0","0.0","0.0","0.0","0.0","0.0","0.0","0.0","0.0","0.0","0.0","0.0"
"21876.0","5809.0","5604.0","2766.0","2718.0","2657.0","1688.0","896.0","748.0","672.0","569.0","538.0","464.0","359.0","298.0","300.0","360.0","771.0","154.0","294.0","175.0","179.0","176.0","179.0","178.0","150.0","146.0","66.0","60.0","60.0","46.0","46.0","46.0","46.0","46.0","46.0","46.0","46.0","59.0","46.0","46.0","46.0","57.0","57.0","57.0","46.0","57.0","57.0","60.0","60.0","59.0","59.0","60.0","59.0","60.0","50.0","70.0","69.0","1.0","0.0","0.0","0.0","18.0","15.0","24.0","0.0","8.0","0.0","0.0","0.0","7.0","0.0","0.0","0.0","0.0","0.0","0.0","0.0","0.0","0.0","0.0","12.0","12.0","4.0","4.0","0.0","771.0","0.0","0.0","0.0","0.0","0.0","0.0","0.0","0.0","0.0","0.0","0.0","0.0","0.0"
"22513.0","5927.0","5794.0","3091.0","3049.0","2771.0","1891.0","1075.0","819.0","680.0","658.0","616.0","522.0","360.0","300.0","300.0","360.0","829.0","164.0","296.0","177.0","180.0","178.0","180.0","180.0","179.0","145.0","66.0","60.0","60.0","60.0","60.0","60.0","60.0","60.0","60.0","60.0","60.0","60.0","60.0","60.0","60.0","59.0","59.0","59.0","60.0","58.0","59.0","60.0","60.0","57.0","60.0","60.0","58.0","57.0","46.0","70.0","69.0","1.0","0.0","0.0","0.0","20.0","30.0","35.0","0.0","14.0","0.0","0.0","0.0","9.0","0.0","0.0","0.0","0.0","0.0","0.0","0.0","0.0","0.0","0.0","12.0","12.0","2.0","2.0","0.0","829.0","0.0","0.0","0.0","0.0","0.0","0.0","0.0","0.0","0.0","0.0","0.0","0.0","0.0"
"21705.0","5689.0","5556.0","2598.0","2556.0","2618.0","1521.0","1068.0","727.0","660.0","474.0","442.0","348.0","358.0","300.0","299.0","360.0","659.0","424.0","299.0","177.0","177.0","177.0","177.0","177.0","72.0","124.0","66.0","60.0","60.0","60.0","60.0","60.0","60.0","60.0","60.0","60.0","60.0","59.0","59.0","60.0","60.0","58.0","58.0","58.0","60.0","58.0","58.0","60.0","60.0","59.0","60.0","58.0","58.0","57.0","53.0","70.0","69.0","0.0","0.0","0.0","0.0","13.0","17.0","17.0","0.0","10.0","0.0","0.0","0.0","5.0","0.0","0.0","0.0","70.0","0.0","0.0","0.0","0.0","39.0","39.0","12.0","12.0","3.0","3.0","0.0","659.0","0.0","0.0","0.0","0.0","0.0","0.0","0.0","0.0","0.0","0.0","0.0","0.0","0.0"
"22640.0","5846.0","5727.0","2476.0","2448.0","2720.0","1554.0","1080.0","796.0","647.0","412.0","403.0","317.0","359.0","300.0","300.0","359.0","624.0","146.0","300.0","180.0","180.0","180.0","177.0","177.0","0.0","133.0","66.0","60.0","60.0","60.0","60.0","60.0","60.0","60.0","60.0","60.0","60.0","60.0","60.0","60.0","60.0","60.0","60.0","60.0","60.0","60.0","60.0","60.0","60.0","60.0","60.0","59.0","57.0","58.0","52.0","70.0","69.0","1.0","0.0","0.0","0.0","17.0","12.0","10.0","0.0","9.0","0.0","0.0","0.0","6.0","0.0","0.0","0.0","0.0","0.0","0.0","0.0","0.0","0.0","0.0","12.0","12.0","0.0","0.0","0.0","624.0","0.0","0.0","0.0","0.0","0.0","0.0","0.0","0.0","0.0","0.0","0.0","0.0","0.0"
"22288.0","5828.0","5641.0","2868.0","2831.0","2696.0","1733.0","1075.0","882.0","652.0","472.0","453.0","384.0","360.0","300.0","300.0","359.0","691.0","145.0","300.0","178.0","179.0","179.0","179.0","177.0","0.0","137.0","66.0","60.0","60.0","60.0","60.0","60.0","60.0","60.0","60.0","60.0","60.0","60.0","60.0","60.0","60.0","59.0","59.0","59.0","60.0","59.0","59.0","60.0","60.0","60.0","59.0","60.0","58.0","57.0","55.0","70.0","69.0","0.0","0.0","0.0","0.0","20.0","19.0","20.0","0.0","11.0","0.0","0.0","0.0","12.0","0.0","0.0","0.0","0.0","0.0","0.0","0.0","0.0","0.0","0.0","12.0","12.0","2.0","2.0","0.0","691.0","0.0","0.0","0.0","0.0","0.0","0.0","0.0","0.0","0.0","0.0","0.0","0.0","0.0"
"22457.0","5791.0","5657.0","2694.0","2655.0","2659.0","1654.0","1080.0","825.0","657.0","460.0","443.0","348.0","360.0","300.0","298.0","360.0","447.0","145.0","300.0","180.0","180.0","180.0","177.0","179.0","0.0","144.0","66.0","60.0","60.0","60.0","60.0","60.0","60.0","60.0","60.0","60.0","60.0","60.0","60.0","60.0","60.0","60.0","59.0","59.0","60.0","60.0","60.0","59.0","59.0","60.0","57.0","58.0","59.0","59.0","54.0","0.0","0.0","0.0","0.0","0.0","0.0","14.0","15.0","15.0","0.0","13.0","0.0","0.0","0.0","6.0","0.0","0.0","0.0","0.0","0.0","0.0","0.0","0.0","0.0","0.0","12.0","12.0","2.0","2.0","0.0","447.0","0.0","0.0","0.0","0.0","0.0","0.0","0.0","0.0","0.0","0.0","0.0","0.0","0.0"
"21851.0","5719.0","5524.0","2821.0","2793.0","2641.0","1715.0","1080.0","869.0","658.0","480.0","443.0","370.0","359.0","298.0","300.0","359.0","686.0","146.0","300.0","180.0","178.0","180.0","179.0","179.0","0.0","138.0","64.0","60.0","60.0","60.0","60.0","60.0","60.0","60.0","60.0","60.0","60.0","60.0","60.0","60.0","60.0","60.0","60.0","60.0","60.0","59.0","60.0","60.0","59.0","60.0","60.0","60.0","58.0","59.0","56.0","70.0","69.0","1.0","502.0","500.0","0.0","19.0","13.0","17.0","0.0","9.0","0.0","0.0","0.0","6.0","0.0","64.0","65.0","0.0","0.0","0.0","0.0","0.0","0.0","0.0","12.0","12.0","6.0","4.0","0.0","686.0","0.0","0.0","0.0","0.0","0.0","0.0","0.0","0.0","0.0","0.0","0.0","0.0","0.0"
"22097.0","5788.0","5612.0","2375.0","2345.0","2661.0","1503.0","1064.0","764.0","648.0","400.0","388.0","308.0","358.0","295.0","294.0","355.0","615.0","148.0","299.0","178.0","177.0","178.0","176.0","176.0","0.0","120.0","66.0","60.0","60.0","60.0","60.0","60.0","60.0","60.0","60.0","60.0","59.0","59.0","60.0","59.0","59.0","57.0","57.0","57.0","60.0","57.0","57.0","60.0","60.0","60.0","60.0","60.0","59.0","59.0","54.0","70.0","69.0","1.0","0.0","0.0","0.0","12.0","9.0","6.0","0.0","11.0","0.0","0.0","0.0","7.0","0.0","0.0","0.0","0.0","0.0","0.0","0.0","0.0","0.0","0.0","12.0","12.0","2.0","2.0","0.0","615.0","0.0","0.0","0.0","0.0","0.0","0.0","0.0","0.0","0.0","0.0","0.0","0.0","0.0"
"22202.0","5809.0","5611.0","2824.0","2788.0","2715.0","1723.0","1080.0","882.0","661.0","473.0","455.0","390.0","357.0","299.0","299.0","357.0","697.0","145.0","298.0","180.0","179.0","180.0","178.0","178.0","0.0","140.0","66.0","59.0","60.0","60.0","60.0","60.0","60.0","60.0","60.0","60.0","60.0","60.0","60.0","60.0","60.0","60.0","60.0","60.0","60.0","60.0","59.0","60.0","59.0","59.0","59.0","59.0","58.0","59.0","49.0","70.0","69.0","0.0","0.0","0.0","0.0","14.0","15.0","13.0","0.0","12.0","0.0","0.0","0.0","6.0","0.0","0.0","0.0","0.0","0.0","0.0","0.0","0.0","0.0","0.0","12.0","12.0","3.0","2.0","0.0","697.0","0.0","0.0","0.0","0.0","0.0","0.0","0.0","0.0","0.0","0.0","0.0","0.0","0.0"
"22281.0","5731.0","5575.0","2639.0","2604.0","2611.0","1607.0","1080.0","783.0","653.0","450.0","425.0","323.0","360.0","300.0","299.0","360.0","630.0","146.0","300.0","179.0","179.0","179.0","176.0","177.0","0.0","150.0","66.0","60.0","60.0","60.0","60.0","60.0","60.0","60.0","60.0","60.0","60.0","60.0","60.0","60.0","60.0","60.0","60.0","60.0","60.0","60.0","60.0","59.0","59.0","60.0","60.0","60.0","58.0","60.0","54.0","13.0","13.0","1.0","0.0","0.0","0.0","12.0","12.0","7.0","0.0","8.0","0.0","0.0","0.0","9.0","0.0","0.0","0.0","0.0","0.0","0.0","0.0","0.0","0.0","0.0","12.0","12.0","0.0","0.0","0.0","630.0","0.0","0.0","0.0","0.0","0.0","0.0","0.0","0.0","0.0","0.0","0.0","0.0","0.0"
"22376.0","5808.0","5653.0","2532.0","2508.0","2674.0","1619.0","1080.0","830.0","663.0","434.0","420.0","347.0","360.0","297.0","300.0","360.0","347.0","146.0","300.0","180.0","180.0","180.0","180.0","179.0","0.0","134.0","66.0","60.0","60.0","60.0","60.0","60.0","60.0","60.0","60.0","60.0","60.0","59.0","60.0","60.0","60.0","60.0","60.0","60.0","60.0","60.0","60.0","60.0","60.0","59.0","58.0","59.0","54.0","59.0","54.0","0.0","0.0","0.0","0.0","0.0","0.0","21.0","12.0","12.0","0.0","8.0","0.0","0.0","0.0","8.0","0.0","0.0","0.0","0.0","0.0","0.0","0.0","0.0","0.0","0.0","12.0","12.0","2.0","2.0","0.0","347.0","0.0","0.0","0.0","0.0","0.0","0.0","0.0","0.0","0.0","0.0","0.0","0.0","0.0"
"22188.0","5774.0","5585.0","2773.0","2743.0","2633.0","1710.0","1081.0","861.0","662.0","464.0","456.0","348.0","360.0","300.0","300.0","360.0","655.0","146.0","299.0","180.0","180.0","180.0","179.0","180.0","0.0","151.0","66.0","60.0","60.0","60.0","60.0","60.0","60.0","60.0","60.0","60.0","60.0","60.0","60.0","60.0","60.0","60.0","60.0","60.0","60.0","60.0","60.0","60.0","60.0","60.0","58.0","59.0","58.0","60.0","55.0","70.0","69.0","0.0","0.0","0.0","0.0","14.0","18.0","16.0","0.0","10.0","0.0","0.0","0.0","9.0","0.0","0.0","0.0","0.0","0.0","0.0","0.0","0.0","0.0","0.0","12.0","12.0","2.0","1.0","0.0","655.0","0.0","0.0","0.0","0.0","0.0","0.0","0.0","0.0","0.0","0.0","0.0","0.0","0.0"
"22279.0","5819.0","5619.0","2629.0","2583.0","2665.0","1561.0","1080.0","797.0","653.0","411.0","388.0","333.0","360.0","300.0","299.0","360.0","640.0","146.0","300.0","179.0","180.0","178.0","179.0","179.0","0.0","145.0","66.0","60.0","60.0","60.0","60.0","60.0","60.0","60.0","60.0","60.0","60.0","60.0","60.0","60.0","60.0","60.0","60.0","60.0","60.0","60.0","60.0","60.0","60.0","59.0","59.0","59.0","58.0","58.0","52.0","30.0","30.0","0.0","0.0","0.0","0.0","16.0","13.0","7.0","0.0","11.0","0.0","0.0","0.0","7.0","0.0","0.0","0.0","0.0","0.0","0.0","0.0","0.0","0.0","0.0","12.0","12.0","2.0","2.0","0.0","640.0","0.0","0.0","0.0","0.0","0.0","0.0","0.0","0.0","0.0","0.0","0.0","0.0","0.0"
"22612.0","5833.0","5730.0","2696.0","2664.0","2727.0","1667.0","1069.0","832.0","652.0","471.0","444.0","353.0","359.0","295.0","300.0","359.0","353.0","146.0","298.0","180.0","177.0","180.0","176.0","177.0","0.0","144.0","66.0","59.0","60.0","60.0","60.0","60.0","60.0","60.0","60.0","60.0","60.0","59.0","60.0","60.0","60.0","58.0","58.0","58.0","60.0","58.0","58.0","58.0","58.0","58.0","58.0","58.0","55.0","59.0","51.0","0.0","0.0","0.0","0.0","0.0","0.0","13.0","16.0","12.0","0.0","13.0","0.0","0.0","0.0","8.0","0.0","0.0","0.0","0.0","0.0","0.0","0.0","0.0","0.0","0.0","12.0","12.0","0.0","0.0","0.0","353.0","0.0","0.0","0.0","0.0","0.0","0.0","0.0","0.0","0.0","0.0","0.0","0.0","0.0"
